gRNA,OT,label
GGAATCCCTTCTGCAGCACCTGG,TTGAGGCCGTCTGCAGCACCGGG,0
GGAATCCCTTCTGCAGCACCTGG,CTCTGTCCTTCTGCAGCACCTGG,0
GGAATCCCTTCTGCAGCACCTGG,CATTTTCTTTCTGCAGCACCTGG,0
GGAATCCCTTCTGCAGCACCTGG,CATGTGGCTTCTGCAGCACCTGG,0
GGAATCCCTTCTGCAGCACCTGG,CACCACCGTTCTGCAGCACCAGG,0
GGAATCCCTTCTGCAGCACCTGG,ATCCTTTCTTCTGCAGCACCTGG,0
GGAATCCCTTCTGCAGCACCTGG,ACTTTATCTTCTGCAGCACCTGG,0
GGAATCCCTTCTGCAGCACCTGG,ACTGTCATTTCTGCAGCACCTGG,0
GGAATCCCTTCTGCAGCACCTGG,TCTGTCCCTCCTGCAGCACCTGG,0
GGAATCCCTTCTGCAGCACCTGG,CTCCTCCCTCCTGCAGCACCTGG,0
GGAATCCCTTCTGCAGCACCTGG,CTACTGACTTCTGCAGCACCTGG,0
GGAATCCCTTCTGCAGCACCTGG,CCCCTCCCTCCTGCAGCACCGGG,0
GGAATCCCTTCTGCAGCACCTGG,CCCAGCCCTGCTGCAGCACCCGG,0
GGAATCCCTTCTGCAGCACCTGG,CCAAGAGCTTCTGCAGCACCTGG,0
GGAATCCCTTCTGCAGCACCTGG,AGCTCCCATTCTGCAGCACCCGG,0
GGAATCCCTTCTGCAGCACCTGG,ACCATTTCTTCTGCAGCACCTGG,0
GGAATCCCTTCTGCAGCACCTGG,AATATTCCCTCTGCAGCACCAGG,0
GGAATCCCTTCTGCAGCACCTGG,TGCATGGCTTCTGCAGCACCAGG,0
GGAATCCCTTCTGCAGCACCTGG,TGCATACCCTCTGCAGCACCAGG,0
GGAATCCCTTCTGCAGCACCTGG,TGCACCCCTCCTGCAGCACCAGG,0
GGAATCCCTTCTGCAGCACCTGG,TCATTCCCGTCTGCAGCACCCGG,0
GGAATCCCTTCTGCAGCACCTGG,GTCTCCCCTTCTGCAGCACCAGG,0
GGAATCCCTTCTGCAGCACCTGG,GGGTCCGCTTCTGCAGCACCTGG,0
GGAATCCCTTCTGCAGCACCTGG,GATATCCCTTCTGTATCACCTGG,0
GGAATCCCTTCTGCAGCACCTGG,GAAGGCCCTTCAGCAGCACCTGG,0
GGAATCCCTTCTGCAGCACCTGG,CCACTCCTTTCTGCAGCACCCGG,0
GGAATCCCTTCTGCAGCACCTGG,AGGATCCCTTGTGCAGCTCCTGG,0
GGAATCCCTTCTGCAGCACCTGG,AGAGGCCCCTCTGCAGCACCAGG,0
GGAATCCCTTCTGCAGCACCTGG,ACCATCCCTCCTGCAGCACCAGG,0
GGAATCCCTTCTGCAGCACCTGG,ACACTCCCTCCTGCAGCACCTGG,0
GGAATCCCTTCTGCAGCACCTGG,AAAATCCCTTCTTCAACACCTGG,0
GGAATCCCTTCTGCAGCACCTGG,AAAATACCTTCTGCAGTACCAGG,0
GGAATCCCTTCTGCAGCACCTGG,TGAATCCCATCTCCAGCACCAGG,0
GGAATCCCTTCTGCAGCACCTGG,GGCTTCCCTTCTGCAGCCCCAGG,0
GGAATCCCTTCTGCAGCACCTGG,GGCATCCATTCTGCAGCCCCTGG,0
GGAATCCCTTCTGCAGCACCTGG,GGAGTCCCTCCTACAGCACCAGG,0
GGAATCCCTTCTGCAGCACCTGG,GGACTCCCCTCTGCAGCAGCTGG,0
GGAATCCCTTCTGCAGCACCTGG,GGAATTGCTTCTGCAGCGCCAGG,0
GGAATCCCTTCTGCAGCACCTGG,GGAATCACTTTTACAGCACCAGG,0
GGAATCCCTTCTGCAGCACCTGG,GGAATATCTTCTGCAGCCCCAGG,0
GGAATCCCTTCTGCAGCACCTGG,GGAAGCTCTGCTGCAGCACCTGG,0
GGAATCCCTTCTGCAGCACCTGG,GGAACACCTTCTGCAGCTCCAGG,0
GGAATCCCTTCTGCAGCACCTGG,GGAACCCCGTCTGCAGCACCAGG,0
GTCATCTTAGTCATTACCTGAGG,CGTGCATTAGTCATTACCTGAGG,0
GTCATCTTAGTCATTACCTGAGG,CCTGACTTGGTCATTACCTGTGG,0
GTCATCTTAGTCATTACCTGAGG,CATGTCTGAATCATTACCTGAGG,0
GTCATCTTAGTCATTACCTGAGG,CAAATGAGAGTCATTACCTGAGG,0
GTCATCTTAGTCATTACCTGAGG,AGTAGGTTAGTAATTACCTGGGG,0
GTCATCTTAGTCATTACCTGAGG,AGTAGATTAGTTATTACCTGGGG,0
GTCATCTTAGTCATTACCTGAGG,AGATGCTTGGTCATTACCTGTGG,0
GTCATCTTAGTCATTACCTGAGG,AATGTCTTCATCATTACCTGAGG,0
GTCATCTTAGTCATTACCTGAGG,AAGGTCACAGTCATTACCTGGGG,0
GTCATCTTAGTCATTACCTGAGG,AACTTGAAAGTCATTACCTGTGG,0
GTCATCTTAGTCATTACCTGAGG,TTGCTTTTAGTTATTACCTGGGG,0
GTCATCTTAGTCATTACCTGAGG,TGCAGCTAACTCATTACCTGCGG,0
GTCATCTTAGTCATTACCTGAGG,CATTTCTTAGTCATTTCCTGAGG,0
GTCATCTTAGTCATTACCTGAGG,CATATGTTAGGCATTACCTGGGG,0
GTCATCTTAGTCATTACCTGAGG,CACGGCTTACTCATTACCTGGGG,0
GTCATCTTAGTCATTACCTGAGG,AGTAGCTTAGTGATTACCTGGGG,0
GTCATCTTAGTCATTACCTGAGG,AGCAGATTAGTGATTACCTGGGG,0
GTCATCTTAGTCATTACCTGAGG,AGAATATTAGTCCTTACCTGGGG,0
GTCATCTTAGTCATTACCTGAGG,AAGATCACAGTCATTACCTGGGG,0
GTCATCTTAGTCATTACCTGAGG,AACGTGTAAGTCATTACCTGAGG,0
GTCATCTTAGTCATTACCTGAGG,TTCATCCTAGTCAACACCTGGGG,0
GTCATCTTAGTCATTACCTGAGG,TACATCTTAGTCCTCACCTGTGG,0
GTCATCTTAGTCATTACCTGAGG,GTTGTTTTAGTGATTACCTGAGG,0
GTCATCTTAGTCATTACCTGAGG,GGAATCTTACTCATTACTTGGGG,0
GTCATCTTAGTCATTACCTGAGG,GCCACCTCAGTCATTAGCTGGGG,0
GTCATCTTAGTCATTACCTGAGG,GACAGCTCCGTCATTACCTGGGG,0
GTCATCTTAGTCATTACCTGAGG,CTTATCTCTGTCATTACCTGGGG,0
GTCATCTTAGTCATTACCTGAGG,CTCTCCTTAGTCACTACCTGAGG,0
GTCATCTTAGTCATTACCTGAGG,CTCATTTTATTCATTGCCTGGGG,0
GTCATCTTAGTCATTACCTGAGG,CTCACCTTTGTCATTTCCTGAGG,0
GTCATCTTAGTCATTACCTGAGG,CCCAGCTTAGTCATTAGCTGTGG,0
GTCATCTTAGTCATTACCTGAGG,CACAGCTTAGTCATCACCTGGGG,0
GTCATCTTAGTCATTACCTGAGG,ATCATTTTAGTCATCTCCTGTGG,0
GTCATCTTAGTCATTACCTGAGG,ATCATTTTACTCATTACTTGTGG,0
GTCATCTTAGTCATTACCTGAGG,ATCATCATCGTCATTATCTGGGG,0
GTCATCTTAGTCATTACCTGAGG,ATAAACGTAGTCATTACCTGGGG,0
GTCATCTTAGTCATTACCTGAGG,GTCATCTGAGGCATTAACTGGGG,0
GTCATCTTAGTCATTACCTGAGG,GTCATCCTAGTCATTTACTGGGG,0
GTCATCTTAGTCATTACCTGAGG,GTAATCTGAGTCATTTCCTGGGG,0
GTCATCTTAGTCATTACCTGAGG,GTAATATTAGTCATTACCGGTGG,0
GAGTCCGAGCAGAAGAAGAAGGG,TCTCCAGGGCAGAAGAAGAAAGG,0
GAGTCCGAGCAGAAGAAGAAGGG,CGAGGCGGGCAGAAGAAGAAAGG,0
GAGTCCGAGCAGAAGAAGAAGGG,CCATTACAGCAGAAGAAGAAGGG,0
GAGTCCGAGCAGAAGAAGAAGGG,CCATGGCAGCAGAAGAAGAAGGG,0
GAGTCCGAGCAGAAGAAGAAGGG,ACTGATGAGCAGAAGAAGAAAGG,0
GAGTCCGAGCAGAAGAAGAAGGG,ACTCCTGATCAGAAGAAGAAGGG,0
GAGTCCGAGCAGAAGAAGAAGGG,ACCCACGGGCAGAAGAAGAAGGG,0
GAGTCCGAGCAGAAGAAGAAGGG,TGGTGGGATCAGAAGAAGAAAGG,0
GAGTCCGAGCAGAAGAAGAAGGG,TATGGCAAGCAGAAGAAGAAAGG,0
GAGTCCGAGCAGAAGAAGAAGGG,GTTTTGAAGCAGAAGAAGAAAGG,0
GAGTCCGAGCAGAAGAAGAAGGG,GTTCAAGAGCAGAAGAAGAATGG,0
GAGTCCGAGCAGAAGAAGAAGGG,GCAGGAGAGCAGAAGAAGAAAGG,0
GAGTCCGAGCAGAAGAAGAAGGG,CCGCCCCTGCAGAAGAAGAACGG,0
GAGTCCGAGCAGAAGAAGAAGGG,ATGACAGAGAAGAAGAAGAAAGG,0
GAGTCCGAGCAGAAGAAGAAGGG,ATGACACAGCAGAAGAAGAAGGG,0
GAGTCCGAGCAGAAGAAGAAGGG,AGTTCAGAGCAGGAGAAGAATGG,0
GAGTCCGAGCAGAAGAAGAAGGG,AGGTTGGAGAAGAAGAAGAAGGG,0
GAGTCCGAGCAGAAGAAGAAGGG,AGGACTGGGCAGAAGAAGAAGGG,0
GAGTCCGAGCAGAAGAAGAAGGG,ACTTCCCTGCAGAAGAAGAAAGG,0
GAGTCCGAGCAGAAGAAGAAGGG,TATACGGAGCAGAAGAAGAATGG,0
GAGTCCGAGCAGAAGAAGAAGGG,TAATCCAATCAGAAGAAGAAGGG,0
GAGTCCGAGCAGAAGAAGAAGGG,GTCTGCGATCAGAAGAAGAAAGG,0
GAGTCCGAGCAGAAGAAGAAGGG,CCGTCCCAGCAGTAGAAGAATGG,0
GAGTCCGAGCAGAAGAAGAAGGG,CAGTCATGGCAGAAGAAGAAAGG,0
GAGTCCGAGCAGAAGAAGAAGGG,CACTCTGAGGAGAAGAAGAAAGG,0
GAGTCCGAGCAGAAGAAGAAGGG,CAAACGGAGCAGAAGAAGAAAGG,0
GAGTCCGAGCAGAAGAAGAAGGG,AGGTGGGAGCAGAAGAAGAAGGG,0
GAGTCCGAGCAGAAGAAGAAGGG,AGGTACTAGCAGAAGAAGAAAGG,0
GAGTCCGAGCAGAAGAAGAAGGG,AATACAGAGCAGAAGAAGAATGG,0
GAGTCCGAGCAGAAGAAGAAGGG,AAGTTGGAGCAGGAGAAGAAGGG,0
GAGTCCGAGCAGAAGAAGAAGGG,AAGTCTGAGGACAAGAAGAATGG,0
GAGTCCGAGCAGAAGAAGAAGGG,AAATCCAACCAGAAGAAGAAAGG,0
GAGTCCGAGCAGAAGAAGAAGGG,GCGACAGAGCAGAAGAAGAAGGG,0
GAGTCCGAGCAGAAGAAGAAGGG,GATTCCTACCAGAAGAAGAATGG,0
GAGTCCGAGCAGAAGAAGAAGGG,GAGTCCGGGAAGGAGAAGAAAGG,0
GAGTCCGAGCAGAAGAAGAAGGG,GAGTAAGAGAAGAAGAAGAAGGG,0
GAGTCCGAGCAGAAGAAGAAGGG,GAGGCCGAGCAGAAGAAAGACGG,0
GAGTCCGAGCAGAAGAAGAAGGG,GAGCCTGAGCAGAAGGAGAAGGG,0
GAGTCCGAGCAGAAGAAGAAGGG,GAGACTGAGAAGAAGAAGAAAGG,0
GAGTCCGAGCAGAAGAAGAAGGG,GACTCCTAGCAAAAGAAGAATGG,0
GAGTCCGAGCAGAAGAAGAAGGG,ACGTCTGAGCAGAAGAAGAATGG,0
GAGTCCGAGCAGAAGAAGAAGGG,AAGTCTGAGCACAAGAAGAATGG,0
GAGTCCGAGCAGAAGAAGAAGGG,AAGTCCGAGGAGAGGAAGAAAGG,0
GGTGAGTGAGTGTGTGCGTGTGG,TTGAGGAGAGTGTGTGCGTGAGG,0
GGTGAGTGAGTGTGTGCGTGTGG,TTATATTGTGTGTGTGCGTGGGG,0
GGTGAGTGAGTGTGTGCGTGTGG,TTAAGGTGGGTGTGTGCGTGGGG,0
GGTGAGTGAGTGTGTGCGTGTGG,TCCTCGTGTGTGTGTGCGTGTGG,0
GGTGAGTGAGTGTGTGCGTGTGG,TCCGCTTGTGTGTGTGCGTGGGG,0
GGTGAGTGAGTGTGTGCGTGTGG,CCCTGGTGTGTGTGTGCGTGTGG,0
GGTGAGTGAGTGTGTGCGTGTGG,CAAAATTGTGTGTGTGCGTGTGG,0
GGTGAGTGAGTGTGTGCGTGTGG,ATGTGGTGTGTGTGTGCGTGTGG,0
GGTGAGTGAGTGTGTGCGTGTGG,ACAATGTGTGTGTGTGCGTGTGG,0
GGTGAGTGAGTGTGTGCGTGTGG,AAAAATTGTGTGTGTGCGTGGGG,0
GGTGAGTGAGTGTGTGCGTGTGG,TTTTTGTGTGTGTGTGCGTGGGG,0
GGTGAGTGAGTGTGTGCGTGTGG,TTTATGTGTGTGTGTGCGTGTGG,0
GGTGAGTGAGTGTGTGCGTGTGG,TATCTGTGTGTGTGTGCGTGTGG,0
GGTGAGTGAGTGTGTGCGTGTGG,TATATGTGTGTGTGTGCGTGGGG,0
GGTGAGTGAGTGTGTGCGTGTGG,TAAGTGTGTGTGTGTGCGTGTGG,0
GGTGAGTGAGTGTGTGCGTGTGG,GAAATTTGAGTGTGTGCGTGTGG,0
GGTGAGTGAGTGTGTGCGTGTGG,CACGTGTGTGTGTGTGCGTGTGG,0
GGTGAGTGAGTGTGTGCGTGTGG,AATTCGTGTGTGTGTGCGTGGGG,0
GGTGAGTGAGTGTGTGCGTGTGG,AAGGCGTGTGTGTGTGCGTGTGG,0
GGTGAGTGAGTGTGTGCGTGTGG,TTTGTGTGTGTGTGTGCGTGTGG,0
GGTGAGTGAGTGTGTGCGTGTGG,TGTCTTTGAGTGTGTGCGTGTGG,0
GGTGAGTGAGTGTGTGCGTGTGG,TCTGTGTGTGTGTGTGCGTGTGG,0
GGTGAGTGAGTGTGTGCGTGTGG,TCTGTGTGTGTGTGTGCGTGGGG,0
GGTGAGTGAGTGTGTGCGTGTGG,TATGTGTGTGTGTGTGCGTGGGG,0
GGTGAGTGAGTGTGTGCGTGTGG,TATGTGTGCGTGTGTGCGTGTGG,0
GGTGAGTGAGTGTGTGCGTGTGG,CTGGAGTGAGTGTGTGTGTGTGG,0
GGTGAGTGAGTGTGTGCGTGTGG,CCCGAGTGTGTGTGTGCGTGTGG,0
GGTGAGTGAGTGTGTGCGTGTGG,CATGTGTGGGTGTGTGCGTGTGG,0
GGTGAGTGAGTGTGTGCGTGTGG,ATTGAGTGTGTGAGTGCGTGGGG,0
GGTGAGTGAGTGTGTGCGTGTGG,TGTGTGTGTGTGTGTGCGTGTGG,0
GGTGAGTGAGTGTGTGCGTGTGG,TGTGCCTGAGTGTGTGCGTGTGG,0
GGTGAGTGAGTGTGTGCGTGTGG,TGTGAGAGAGAGTGTGCGTGTGG,0
GGTGAGTGAGTGTGTGCGTGTGG,TGTATGTGAGTGTGTGCGTGTGG,0
GGTGAGTGAGTGTGTGCGTGTGG,TGGGTGTGAGTGTGTGCGTGTGG,0
GGTGAGTGAGTGTGTGCGTGTGG,TGCCAGTGAGTGTGTGCGTGTGG,0
GGTGAGTGAGTGTGTGCGTGTGG,TGAGTGTGAGTGTGTGCGTGGGG,0
GGTGAGTGAGTGTGTGCGTGTGG,GGTGTGTGCCTGTGTGCGTGTGG,0
GGTGAGTGAGTGTGTGCGTGTGG,GGACTGTGAGTGTGTGCGTGAGG,0
GGTGAGTGAGTGTGTGCGTGTGG,CGTGAGTGTGTGTATGCGTGTGG,0
GGTGAGTGAGTGTGTGCGTGTGG,CATGAGTGAGTGTGTGGGTGGGG,0
GGTGAGTGAGTGTGTGCGTGTGG,AGTGAGTGAGTGAGTGAGTGAGG,0
GGTGAGTGAGTGTGTGCGTGTGG,AGGGAGTGACTGTGTGCGTGTGG,0
GGTGAGTGAGTGTGTGCGTGTGG,AGCGAGTGGGTGTGTGCGTGGGG,0
GGTGAGTGAGTGTGTGCGTGTGG,ACTGTGTGAGTGTGTGCGTGAGG,0
GGTGAGTGAGTGTGTGCGTGTGG,GGTGTGTGTGTGTGTGCGTGTGG,0
GGTGAGTGAGTGTGTGCGTGTGG,GGTGTGTGTGTGTGTGCGTGCGG,0
GGTGAGTGAGTGTGTGCGTGTGG,GGTGTGTGAGTGTGTGTGTGTGG,0
GGTGAGTGAGTGTGTGCGTGTGG,GGTGAGTGTGTGTGTGCATGTGG,0
GGTGAGTGAGTGTGTGCGTGTGG,GGTGAGTGTGTGTGTGAGTGTGG,0
GGTGAGTGAGTGTGTGCGTGTGG,GGTGAGTGAGTGAGTGAGTGAGG,0
GGTGAGTGAGTGTGTGCGTGTGG,GGTGAGTGAGAGTGTGTGTGTGG,0
GGTGAGTGAGTGTGTGCGTGTGG,GGTGAGTCAGTGTGTGAGTGAGG,0
GGTGAGTGAGTGTGTGCGTGTGG,AGTGTGTGAGTGTGTGCGTGTGG,0
GACCCCCTCCACCCCGCCTCCGG,TCTTCTTTCCACCCCGCCTCAGG,0
GACCCCCTCCACCCCGCCTCCGG,CTGCCTCCTCACCCCGCCTCAGG,0
GACCCCCTCCACCCCGCCTCCGG,CCTGCCATGCACCCCGCCTCAGG,0
GACCCCCTCCACCCCGCCTCCGG,CCGCGCTTCCGCCCCGCCTCTGG,0
GACCCCCTCCACCCCGCCTCCGG,CCCAAGCCCCACCCCGCCTCGGG,0
GACCCCCTCCACCCCGCCTCCGG,CCACCATCCCACCCCGCCTCTGG,0
GACCCCCTCCACCCCGCCTCCGG,ACTACCCACCTCCCCGCCTCAGG,0
GACCCCCTCCACCCCGCCTCCGG,ACCAGTCTGCACCCCGCCTCTGG,0
GACCCCCTCCACCCCGCCTCCGG,TGCAACCTCCTCCCCGCCTCGGG,0
GACCCCCTCCACCCCGCCTCCGG,GTCGAGGTCCACCCCGCCTCAGG,0
GACCCCCTCCACCCCGCCTCCGG,CTTTCCCTCCACCCAGCCTCTGG,0
GACCCCCTCCACCCCGCCTCCGG,CATCTTCCCCACCCCGCCTCTGG,0
GACCCCCTCCACCCCGCCTCCGG,ATCTGCCACCACCCCGCCTCCGG,0
GACCCCCTCCACCCCGCCTCCGG,AGCCAACCCCACCCCGCCTCTGG,0
GACCCCCTCCACCCCGCCTCCGG,TTCTCCCTCCTCCCCGCCTCGGG,0
GACCCCCTCCACCCCGCCTCCGG,TGCCCCCTCCCCCCAGCCTCTGG,0
GACCCCCTCCACCCCGCCTCCGG,GTCACTCCCCACCCCGCCTCTGG,0
GACCCCCTCCACCCCGCCTCCGG,CCCCCCCCCCCCCCCGCCTCAGG,0
GACCCCCTCCACCCCGCCTCCGG,CCCCCCCACCACCCCGCCCCGGG,0
GACCCCCTCCACCCCGCCTCCGG,AGCCCCCACCTCCCCGCCTCGGG,0
GACCCCCTCCACCCCGCCTCCGG,AACCCATTCCACCCTGCCTCAGG,0
GACCCCCTCCACCCCGCCTCCGG,GTCCTCCACCACCCCGCCTCTGG,0
GACCCCCTCCACCCCGCCTCCGG,GGCGCCCTCCACCCTGCCTCGGG,0
GACCCCCTCCACCCCGCCTCCGG,GGCCCCCTCCTCCTCGCCTCTGG,0
GACCCCCTCCACCCCGCCTCCGG,GGCCCCCTCCACCAGGCCTCAGG,0
GACCCCCTCCACCCCGCCTCCGG,GCCCCGCTCCTCCCCGCCTCCGG,0
GACCCCCTCCACCCCGCCTCCGG,GATCGACTCCACCCCGCCTCTGG,0
GACCCCCTCCACCCCGCCTCCGG,GACCCGCCCCGCCCCGCCTCTGG,0
GACCCCCTCCACCCCGCCTCCGG,CACCCCCTCCCCTCCGCCTCAGG,0
GACCCCCTCCACCCCGCCTCCGG,CACCCCCTCAACACCGCCTCAGG,0
GACCCCCTCCACCCCGCCTCCGG,AACCCCATCCACCCGGCCTCAGG,0
GGGTGGGGGGAGTTTGCTCCTGG,GCCATGCTGGAGTTTGCTCCAGG,0
GGGTGGGGGGAGTTTGCTCCTGG,CTTTCTAGGGAGTTTGCTCCTGG,0
GGGTGGGGGGAGTTTGCTCCTGG,CTATTGATGGAGTTTGCTCCTGG,0
GGGTGGGGGGAGTTTGCTCCTGG,CAGAGCTTGGAGTTTGCTCCAGG,0
GGGTGGGGGGAGTTTGCTCCTGG,CACGGAGGGGTGTTTGCTCCTGG,0
GGGTGGGGGGAGTTTGCTCCTGG,AGACCCAGGGAGTTTGCTCCCGG,0
GGGTGGGGGGAGTTTGCTCCTGG,ACATAGAAGGAGTTTGCTCCAGG,0
GGGTGGGGGGAGTTTGCTCCTGG,ACAAGGTGGAAGTTTGCTCCTGG,0
GGGTGGGGGGAGTTTGCTCCTGG,ACAACTGGGGAGTTTGCTCCTGG,0
GGGTGGGGGGAGTTTGCTCCTGG,TCTTTGGGAGAGTTTGCTCCAGG,0
GGGTGGGGGGAGTTTGCTCCTGG,TCCTGAGGGCAGTTTGCTCCAGG,0
GGGTGGGGGGAGTTTGCTCCTGG,GTCTCTCGGGAGTTTGCTCCGGG,0
GGGTGGGGGGAGTTTGCTCCTGG,GCTCTGGGGTAGTTTGCTCCAGG,0
GGGTGGGGGGAGTTTGCTCCTGG,CTTTGGGGTTAGTTTGCTCCTGG,0
GGGTGGGGGGAGTTTGCTCCTGG,CTTTCGGGGGAGTTTGCGCCGGG,0
GGGTGGGGGGAGTTTGCTCCTGG,CTCTGCTGGGAGTTTGCTCCTGG,0
GGGTGGGGGGAGTTTGCTCCTGG,ATCTGGGGTGATTTTGCTCCTGG,0
GGGTGGGGGGAGTTTGCTCCTGG,AAGTAAGGGAAGTTTGCTCCTGG,0
GGGTGGGGGGAGTTTGCTCCTGG,TTGGGGGGGCAGTTTGCTCCTGG,0
GGGTGGGGGGAGTTTGCTCCTGG,TGGTGTTGGGAGTCTGCTCCAGG,0
GGGTGGGGGGAGTTTGCTCCTGG,TGGAGAGGGGAGTTGGCTCCTGG,0
GGGTGGGGGGAGTTTGCTCCTGG,TGCTCGGGGGAGTTTGCACCAGG,0
GGGTGGGGGGAGTTTGCTCCTGG,TAGTGGAGGGAGCTTGCTCCTGG,0
GGGTGGGGGGAGTTTGCTCCTGG,GTGGGGGTAGAGTTTGCTCCAGG,0
GGGTGGGGGGAGTTTGCTCCTGG,GGTGGGGGTGGGTTTGCTCCTGG,0
GGGTGGGGGGAGTTTGCTCCTGG,GGGTGTGGGGTCATTGCTCCAGG,0
GGGTGGGGGGAGTTTGCTCCTGG,GGGCAAGGGGAGGTTGCTCCTGG,0
GGGTGGGGGGAGTTTGCTCCTGG,GGAGGGGGGGCTTTTGCTCCAGG,0
GGGTGGGGGGAGTTTGCTCCTGG,GGAGGAGGGGAGTCTGCTCCAGG,0
GGGTGGGGGGAGTTTGCTCCTGG,GAGGGGGAGCAGTTTGCTCCAGG,0
GGGTGGGGGGAGTTTGCTCCTGG,CAGTGGGGGGAGCTTTCTCCTGG,0
GGGTGGGGGGAGTTTGCTCCTGG,ATGTGTGGGGAATTTGCTCCAGG,0
GGGTGGGGGGAGTTTGCTCCTGG,AGTTTGGGGGAGTTTGCCCCAGG,0
GGGTGGGGGGAGTTTGCTCCTGG,AGGTGGTGGGAGCTTGTTCCTGG,0
GGGTGGGGGGAGTTTGCTCCTGG,GTGTGGGTGGCGTTTGCTCCAGG,0
GGGTGGGGGGAGTTTGCTCCTGG,GGTTGAGGGGAGTCTGCTCCAGG,0
GGGTGGGGGGAGTTTGCTCCTGG,GGGTGGGGGGTGCCTGCTCCAGG,0
GGGTGGGGGGAGTTTGCTCCTGG,GGGTGGCTGGAGTTTGCTGCTGG,0
GGGTGGGGGGAGTTTGCTCCTGG,GGGTCGGGGGAGTGGGCTCCAGG,0
GGGTGGGGGGAGTTTGCTCCTGG,GGGGGTGGGGACTTTGCTCCAGG,0
GGGTGGGGGGAGTTTGCTCCTGG,GGGAGGGGGGAGTGTGTTCCGGG,0
GGGTGGGGGGAGTTTGCTCCTGG,GGGAGGGGGCAGGTTGCTCCAGG,0
GGGTGGGGGGAGTTTGCTCCTGG,GGGAGGGGAGAGTTTGTTCCAGG,0
GGGTGGGGGGAGTTTGCTCCTGG,GAGTGGGTGGAGTTTGCTACAGG,0
GGGTGGGGGGAGTTTGCTCCTGG,GGGTGGGTGGAGTTTGCTACTGG,0
GGGTGGGGGGAGTTTGCTCCTGG,GCGTGGGGGGTGTTTGCTCCCGG,0
GGGTGGGGGGAGTTTGCTCCTGG,GGGTGGGGGGAGTTTGCCCCAGG,0
GAGTCCGAGCAGAAGAAGAAGGG,GAGTTAGAGCAGAAGAAGAAAGG,1
GGTGAGTGAGTGTGTGCGTGTGG,AGAGAGTGAGTGTGTGCATGAGG,1
GGTGAGTGAGTGTGTGCGTGTGG,TGTGGGTGAGTGTGTGCGTGAGG,1
GGTGAGTGAGTGTGTGCGTGTGG,GTTGAGTGAATGTGTGCGTGAGG,1
GGTGAGTGAGTGTGTGCGTGTGG,GGTGAGTGAGTGCGTGCGGGTGG,1
GGTGAGTGAGTGTGTGCGTGTGG,GCTGAGTGAGTGTATGCGTGTGG,1
GGTGAGTGAGTGTGTGCGTGTGG,AGTGAGTGAGTGTGTGTGTGGGG,1
GGTGAGTGAGTGTGTGCGTGTGG,GGTGAGTGAGTGTGTGTGTGAGG,1
GACCCCCTCCACCCCGCCTCCGG,AGGCCCCCACACCCCGCCTCAGG,1
GACCCCCTCCACCCCGCCTCCGG,TGCCCCTCCCACCCCGCCTCTGG,1
GACCCCCTCCACCCCGCCTCCGG,CTCCCCACCCACCCCGCCTCAGG,1
GACCCCCTCCACCCCGCCTCCGG,CGCCCTCCCCACCCCGCCTCCGG,1
GACCCCCTCCACCCCGCCTCCGG,CCCCACCCCCACCCCGCCTCAGG,1
GACCCCCTCCACCCCGCCTCCGG,ATTCCCCCCCACCCCGCCTCAGG,1
GACCCCCTCCACCCCGCCTCCGG,ACACCCCCCCACCCCGCCTCAGG,1
GACCCCCTCCACCCCGCCTCCGG,TACCCCCCACACCCCGCCTCTGG,1
GACCCCCTCCACCCCGCCTCCGG,GCCCCCACCCACCCCGCCTCTGG,1
GACCCCCTCCACCCCGCCTCCGG,CTACCCCTCCACCCCGCCTCCGG,1
GACCCCCTCCACCCCGCCTCCGG,GGGCCCCTCCACCCCGCCTCTGG,1
GACCCCCTCCACCCCGCCTCCGG,GACCCCCCCCACCCCGCCCCCGG,1
GGGTGGGGGGAGTTTGCTCCTGG,GGGGAGGGGAAGTTTGCTCCTGG,1
GGGTGGGGGGAGTTTGCTCCTGG,CGGGGGAGGGAGTTTGCTCCTGG,1
GGGTGGGGGGAGTTTGCTCCTGG,GGGAGGGTGGAGTTTGCTCCTGG,1
GGGTGGGGGGAGTTTGCTCCTGG,GGATGGAGGGAGTTTGCTCCTGG,1
AATGACCACTACATCCTCAAGGG,ATTAACCACTACATTCTCAAAGG,0
AATGACCACTACATCCTCAAGGG,AATGACCACTACACCCAGAAAGG,0
AATGACCACTACATCCTCAAGGG,AATGACCACTACATTCTCTTGGG,0
AATGACCACTACATCCTCAAGGG,AAGAAGCACTACATCCTCAATGG,0
CCAGTGAGTAGAGCGGAGGCAGG,CCAGTGAGTAGGGCTGGGGCAGG,0
CCAGTGAGTAGAGCGGAGGCAGG,CCACTGAGCAGAGAGGAGGCTGG,0
CCAGTGAGTAGAGCGGAGGCAGG,CCAGTGAGGAGAGAGGAGCCAGG,0
CCAGTGAGTAGAGCGGAGGCAGG,CCAGTGAGTGGAGAGGAGACAGG,0
CCAGTGAGTAGAGCGGAGGCAGG,ACAGTGAGTAGAGTGGAGTCCGG,0
CCAGTGAGTAGAGCGGAGGCAGG,GCAGAGAGTAGAGCGGTGGCTGG,0
CCAGTGAGTAGAGCGGAGGCAGG,CCGGTGGGGAGAGCGGAGGCGGG,0
CCAGTGAGTAGAGCGGAGGCAGG,CCACTGAGTAGAGGGGTGGCGGG,0
CCAGTGAGTAGAGCGGAGGCAGG,CCAGTGAGCAGAGAGGAAGCTGG,0
CCAGTGAGTAGAGCGGAGGCAGG,CCAGTGAGGAGAGCGGAGACTGG,0
AACACCAGTGAGTAGAGCGGAGG,AAAAGCAGAGAGTAGAGCGGTGG,0
AACACCAGTGAGTAGAGCGGAGG,AAAACCAGTGAGCAGAGTGGAGG,0
AACACCAGTGAGTAGAGCGGAGG,AACTCCAGTGAGGAGAGGGGTGG,0
AACACCAGTGAGTAGAGCGGAGG,AACACCAGTGAGAAGAGCTGTGG,0
ATGAACACCAGTGAGTAGAGCGG,AAGGACACCAGTGAGGAGAGTGG,0
ATGAACACCAGTGAGTAGAGCGG,AAGAACACAAGAGAGTAGAGAGG,0
ATGAACACCAGTGAGTAGAGCGG,ATGAACCCTAGTGAGAAGAGAGG,0
ATGAACACCAGTGAGTAGAGCGG,ATGAACACCAGTGAATAAAATGG,0
ATGAACACCAGTGAGTAGAGCGG,ATGAACACCAGTGAATACATAGG,0
ATGAACACCAGTGAGTAGAGCGG,AGAAACACTAGTGAGTAGAGGGG,0
ATGAACACCAGTGAGTAGAGCGG,AGGAACACCAGTGGGAAGAGAGG,0
ATGAACACCAGTGAGTAGAGCGG,AAGAACAGCAGTGAATAGAGAGG,0
ATGAACACCAGTGAGTAGAGCGG,AGGAAAACCAGTGAGAAGAGTGG,0
ATGAACACCAGTGAGTAGAGCGG,ATGAACTCCAGGGAGAAGAGAGG,0
ATGAACACCAGTGAGTAGAGCGG,ATGAACTCCTGTGAGTAGAGAGG,0
CCTGCCTCCGCTCTACTCACTGG,CCTGCCTCCTCACTCCTCACAGG,0
CCTGCCTCCGCTCTACTCACTGG,CCAGTCTCCGCTCTCCTCACTGG,0
CCTGCCTCCGCTCTACTCACTGG,CCTGGCTCCTCTCTCCTCACTGG,0
CCTGCCTCCGCTCTACTCACTGG,CCTGTCTCCTCTCCACTCACTGG,0
CCTGCCTCCGCTCTACTCACTGG,CCTGCCCTCACTCTACTCACAGG,0
CCTGCCTCCGCTCTACTCACTGG,CCTGCCTCCTGTCTACTCTCAGG,0
CCTGCCTCCGCTCTACTCACTGG,CCTGCCTCTGCTCTCCTCCCAGG,0
CCTGCCTCCGCTCTACTCACTGG,CCTGCCACAGCTCTACTCGCAGG,0
CCTGCCTCCGCTCTACTCACTGG,CCTGCCTCCGCGCTGCTCTCGGG,0
CCTGCCTCCGCTCTACTCACTGG,CCTGCCTCCTCTCTATTCTCCGG,0
AAATGAGAAGAAGAGGCACAGGG,AAAGGAGAAGGAGAGGCAGATGG,0
AAATGAGAAGAAGAGGCACAGGG,AAAAGAGAAGCTGAGGCACAGGG,0
AAATGAGAAGAAGAGGCACAGGG,AAATGAGAAAAATAGGCAGAGGG,0
AAATGAGAAGAAGAGGCACAGGG,AAATGAGAAGGAGTGGCAGATGG,0
AAATGAGAAGAAGAGGCACAGGG,AAATGAGGACAAGAGGCAGAGGG,0
AAATGAGAAGAAGAGGCACAGGG,AAATGAGAAGATCAGTCACAAGG,0
AAATGAGAAGAAGAGGCACAGGG,AAACGAGAAGAAGCTGCACATGG,0
AAATGAGAAGAAGAGGCACAGGG,AAATCATATGAAGAGGCACAAGG,0
AAATGAGAAGAAGAGGCACAGGG,AAATGAGAAGTTGAGGCTCATGG,0
AAATGAGAAGAAGAGGCACAGGG,AAATGAGAATAAGAGGAACAGGG,0
AAATGAGAAGAAGAGGCACAGGG,AAATGTGAAGAAAAGGCACAGGG,0
AAATGAGAAGAAGAGGCACAGGG,AAATGAGAACAAGAGGCAGAGGG,0
GGTCCTGCCGCTGCTTGTCATGG,GGTCCTGGCGCTGCTTCTCCAGG,0
GGTCCTGCCGCTGCTTGTCATGG,GGTCCTCCCGCTGCTTCTCCGGG,0
GGTCCTGCCGCTGCTTGTCATGG,CGTCCTGCCACTGCATGTCATGG,0
GGTCCTGCCGCTGCTTGTCATGG,GGTCCTGCTGCAGCTTCTCATGG,0
GGTCCTGCCGCTGCTTGTCATGG,GATCCTGCCGTTGCCTGTCATGG,0
GGTCCTGCCGCTGCTTGTCATGG,GGCCCTGCCGCTGCATGACATGG,0
GGTCCTGCCGCTGCTTGTCATGG,GGTGCTGATGCTGCTTGTCAGGG,0
GGTCCTGCCGCTGCTTGTCATGG,GGTGCTGCTGCTGCTAGTCAGGG,0
GGTCCTGCCGCTGCTTGTCATGG,GGGCCTGCTGCTGCTGGTCAAGG,0
GGTCCTGCCGCTGCTTGTCATGG,GTTCCTGCTGCTGCTTCTCAAGG,0
GGTCCTGCCGCTGCTTGTCATGG,GGTCCTGCTGCTGCTTGTCTGGG,0
GGTCCTGCCGCTGCTTGTCATGG,GGTCCTGTCGCTGCTTGCCATGG,0
GGTCCTGCCGCTGCTTGTCATGG,GGTCCTGCCGCTGCTCATCATGG,0
GACACCGAAGCAGAGTTTTTAGG,GAGACAGAAGGAGAGTTTTTAGG,0
GACACCGAAGCAGAGTTTTTAGG,GTCAACGAAGCAGAGTTGTTGGG,0
GACACCGAAGCAGAGTTTTTAGG,GACACTGAAGCAGTGATTTTAGG,0
GACACCGAAGCAGAGTTTTTAGG,GATACTGAAGCAGAGATTTTGGG,0
GACACCGAAGCAGAGTTTTTAGG,GAAACAGAAGCAGAGTGTTTAGG,0
GACACCGAAGCAGAGTTTTTAGG,GACACCGAAGCAGGGTTTTCAGG,0
GAATCCTAAAAACTCTGCTTCGG,GAATCCCCAAAACTCTTCTTTGG,0
GAATCCTAAAAACTCTGCTTCGG,GAATTCTAAAAAGGCTGCTTTGG,0
GAATCCTAAAAACTCTGCTTCGG,GAACCCTCAAAACTCTGTTTGGG,0
GAATCCTAAAAACTCTGCTTCGG,AAATCCTAAAGACTTTGCTTGGG,0
GAATCCTAAAAACTCTGCTTCGG,TAATCCTAAAAGCTCTGTTTTGG,0
GAATCCTAAAAACTCTGCTTCGG,GCATCTTAAACACTCTGCTTGGG,0
GAATCCTAAAAACTCTGCTTCGG,GATTTATAAAAACTCTGCTTAGG,0
GAATCCTAAAAACTCTGCTTCGG,GAATCCTCAATATTCTGCTTAGG,0
GAATCCTAAAAACTCTGCTTCGG,GAAACCTAAAAACACTACTTGGG,0
GAATCCTAAAAACTCTGCTTCGG,GATTCCTAAAACTTCTGCTTGGG,0
GAATCCTAAAAACTCTGCTTCGG,GAATCCTAAAATTTCTGCTTTGG,0
GAATCCTAAAAACTCTGCTTCGG,GAATCCTAAATACTCTCCTTCGG,0
GAATCCTAAAAACTCTGCTTCGG,GAATCCTGAAAACCCTGCTTCGG,0
TGACATCAATTATTATACATCGG,TGACTTCACTTATGATACATGGG,0
TGACATCAATTATTATACATCGG,TGTCACCAATTATTACACATTGG,0
TGACATCAATTATTATACATCGG,TGAAATGAATTATTAAACATTGG,0
TGACATCAATTATTATACATCGG,TGACATCAATTAATTTTCATTGG,0
TGACATCAATTATTATACATCGG,TGAAATCAATTTTTATACTTGGG,0
TGACATCAATTATTATACATCGG,TGACATAAATTATTTTACTTAGG,0
TGACATCAATTATTATACATCGG,TCACATCAATTATTATAGCTTGG,0
TGACATCAATTATTATACATCGG,TGACTTCAATGATTATACAGTGG,0
TGACATCAATTATTATACATCGG,TTACATCAATTATGATACAGTGG,0
TGACATCAATTATTATACATCGG,TGACATCAAATATTACACAATGG,0
TGACATCAATTATTATACATCGG,TGAAATCAATTATCATAGATCGG,0
TGACATCAATTATTATACATCGG,TGACATAAATTATTCTACATGGG,0
TGACATCAATTATTATACATCGG,TGACATCACTTATTATGCATGGG,0
AATGACCACTACATCCTCAAGGG,AATGACCACAGCATCCTCAGTGG,1
CCAGTGAGTAGAGCGGAGGCAGG,CCAGCGAGTAGAGCGGAGGCAGG,1
AACACCAGTGAGTAGAGCGGAGG,TACTCCAGTGAGTAGAGAGGCGG,1
AACACCAGTGAGTAGAGCGGAGG,AACACCAGCGAGTAGAGCGGAGG,1
ATGAACACCAGTGAGTAGAGCGG,ATGAACACCAGCGAGTAGAGCGG,1
CCTGCCTCCGCTCTACTCACTGG,CCTGCCTCCGCTCTACTCGCTGG,1
AAATGAGAAGAAGAGGCACAGGG,AAACGAGAAGAAGAGGCATAGGG,1
GACACCGAAGCAGAGTTTTTAGG,CACACCGAAGCTGGGTTTTTAGG,1
GACACCGAAGCAGAGTTTTTAGG,GACAATAAAGCAGAGTTTTTTGG,1
GACACCGAAGCAGAGTTTTTAGG,GACAACAAAGTAGAGTTTTTAGG,1
GGGTGGGGGGAGTTTGCTCCTGG,AGGGGTAGGGAGATTGCTCCTGG,0
GGGTGGGGGGAGTTTGCTCCTGG,GGAAAGGAGGAGCTTGCTCCAGG,0
GGGTGGGGGGAGTTTGCTCCTGG,GGACGGGGGGAGTTTCTCCAGG,0
GGGTGGGGGGAGTTTGCTCCTGG,GAAACGGGGGAGTTTGCTCAGG,0
GGGTGGGGGGAGTTTGCTCCTGG,AAGTGGGGGCAGTTTGCCCAGG,0
GGGTGGGGGGAGTTTGCTCCTGG,GGGGGCAGGGAGATTGCTCCTGG,0
GGGTGGGGGGAGTTTGCTCCTGG,TGACGGGGGGAGTTTGCTCTGG,0
GGGTGGGGGGAGTTTGCTCCTGG,GGAAGGGGGGAGTTTGTCCTGG,0
GGGTGGGGGGAGTTTGCTCCTGG,GAGTGAGGGGGAGTTTCTCCAGG,0
GGGTGGGGGGAGTTTGCTCCTGG,GGAGTCAGGGAATTTGCTCCTGG,0
GGGTGGGGGGAGTTTGCTCCTGG,AGTGGTGGGGGACTTGCTCCAGG,0
GGGTGGGGGGAGTTTGCTCCTGG,TGGTGGAGGGAGTTTGTCCAGG,0
GGGTGGGGGGAGTTTGCTCCTGG,TTGGGGGAGTTTGCTCAGG,0
GGGTGGGGGGAGTTTGCTCCTGG,TGGGGGCGGGAGTTTCTCCTGG,0
GGGTGGGGGGAGTTTGCTCCTGG,TGTAGAGGGAGTTTTGCTCCCGG,0
GGGTGGGGGGAGTTTGCTCCTGG,TCTTGGGGGGAAGTTGCTCCAGG,0
GGGTGGGGGGAGTTTGCTCCTGG,AATAGTGGGAGTTGCTCCTGG,0
GGGTGGGGGGAGTTTGCTCCTGG,CGGAGGGGTGAGTTTGTCCCGG,0
GGGTGGGGGGAGTTTGCTCCTGG,GGGGAGGGGGAGTTAGCCCTGG,0
GGGTGGGGGGAGTTTGCTCCTGG,TTCCAGGGGGAGTTTCTCCGGG,0
GGGTGGGGGGAGTTTGCTCCTGG,GAGGTGGGGTGATTTGCTCCAGG,0
GGGTGGGGGGAGTTTGCTCCTGG,GGGGAGGCGGAGTTTGTCCTGG,0
GGGTGGGGGGAGTTTGCTCCTGG,CCCTGGGGAAGTTTGTCCAGG,0
GGGTGGGGGGAGTTTGCTCCTGG,TATGAGGGGGAGTTTGCCCAGG,0
GGGTGGGGGGAGTTTGCTCCTGG,CACTGAGGGGAGTTTGCCCAGG,0
GGGTGGGGGGAGTTTGCTCCTGG,GGGGGGAAGGAGTTTCTCCTGG,0
GGGTGGGGGGAGTTTGCTCCTGG,AGGGTGAGGGGCTTGCTCCAGG,0
GGGTGGGGGGAGTTTGCTCCTGG,TCTGGAGGAAGTTTGCCCAGG,0
GGGTGGGGGGAGTTTGCTCCTGG,GGGGGTGGGGAGCATGCTCCAGG,0
GGGTGGGGGGAGTTTGCTCCTGG,TGACTGGGGAAGTTTGCCCAGG,0
GGGTGGGGGGAGTTTGCTCCTGG,TCTTGGGGAGAGTTTGCCCAGG,0
GGGTGGGGGGAGTTTGCTCCTGG,GGGGGGTGAGTTTGTCCTGG,0
GGGTGGGGGGAGTTTGCTCCTGG,GGAGGGTGGAGTTGCTCCTGG,0
GGGTGGGGGGAGTTTGCTCCTGG,GAAGGGAGGAGGTTTGCTCCTGG,0
GGGTGGGGGGAGTTTGCTCCTGG,TGGGGTGGTGAGTTGCTCCTGG,0
GGGTGGGGGGAGTTTGCTCCTGG,TCCATGGGGGATTTGCTCCAGG,0
GGGTGGGGGGAGTTTGCTCCTGG,CCCGGGGGGAAGCTTGCTCCAGG,0
GGGTGGGGGGAGTTTGCTCCTGG,GGGGCAAGGGAGTTTGCTCAGG,0
GGGTGGGGGGAGTTTGCTCCTGG,CAAGGTGGGAGGATTGCTCCAGG,0
GGGTGGGGGGAGTTTGCTCCTGG,TCTGAGGGGAGTTTGCTCTGG,0
GGGTGGGGGGAGTTTGCTCCTGG,GCGTGGGGGGTGTTTGCTCCCGG,1
GGGTGGGGGGAGTTTGCTCCTGG,GAGGGTGGGGAGTTTACTCCTGG,0
GGGTGGGGGGAGTTTGCTCCTGG,TGATGGGGAAAGTTTGCTCAGG,0
GGGTGGGGGGAGTTTGCTCCTGG,GGCTGGTGGGAGTTTCTCCAGG,0
GGGTGGGGGGAGTTTGCTCCTGG,GGGTAAGGGAAGTTTGCTCTGG,0
GGGTGGGGGGAGTTTGCTCCTGG,GGAGGTGGAAAGTTTGCTCCAGG,0
GGGTGGGGGGAGTTTGCTCCTGG,CAGGGGGAGAGATTTGCTCCAGG,0
GGGTGGGGGGAGTTTGCTCCTGG,TCCATGGGGGAGTTTGCTCTGG,0
GGGTGGGGGGAGTTTGCTCCTGG,GTGTGGGAAGAGTTTGTCCTGG,0
GGGTGGGGGGAGTTTGCTCCTGG,TATGGGGATGGGGTTGCTCCCGG,0
GGGTGGGGGGAGTTTGCTCCTGG,AACCTGGGGGGGCTTGCTCCTGG,0
GGGTGGGGGGAGTTTGCTCCTGG,TTTTGGAGGGAATTTGCTCCGG,0
GGGTGGGGGGAGTTTGCTCCTGG,AGGGAGGGAGAATTTGCTCCTGG,0
GGGTGGGGGGAGTTTGCTCCTGG,GGCTAGAGGGAGTTTGCCCTGG,0
GGGTGGGGGGAGTTTGCTCCTGG,GGGGCAGGGGACTTGCTCCAGG,0
GGGTGGGGGGAGTTTGCTCCTGG,AGATGAGGGGAGTTAGCCCTGG,0
GGGTGGGGGGAGTTTGCTCCTGG,GGGTGGGGCAGTTTGTCCGGG,0
GGGTGGGGGGAGTTTGCTCCTGG,TGCTGAGGGGAATTTGCCCAGG,0
GGGTGGGGGGAGTTTGCTCCTGG,GGGCAGGGAAAGTTTGTCCAGG,0
GGGTGGGGGGAGTTTGCTCCTGG,AGTTGAGGGGAGTTTATCCTGG,0
CTTGCCCCACAGGGCAGTAACGG,AGTGCCCCACAGGGGAGAAATGG,0
CTTGCCCCACAGGGCAGTAACGG,AAAATACCTCATTAATTTCCAGG,0
CTTGCCCCACAGGGCAGTAACGG,TGTGCCCCACAGAGCACTAAGGG,0
CTTGCCCCACAGGGCAGTAACGG,TTTACCCCACAGGGCATTTAAGG,0
CTTGCCCCACAGGGCAGTAACGG,AGTGGCCCCCAGGGCAGTGAGGG,0
CTTGCCCCACAGGGCAGTAACGG,GTTGCCCCACGCAGTATGGG,0
CTTGCCCCACAGGGCAGTAACGG,ATTGCCCCCCAGGTCAGTAGGGG,0
CTTGCCCCACAGGGCAGTAACGG,CTTGCACCACAGAGCACTAAGGG,0
CTTGCCCCACAGGGCAGTAACGG,AAATCCCCACAGGGCAGTAAGG,0
CTTGCCCCACAGGGCAGTAACGG,ATAGCCTCACAGGGCAGAGAGGG,0
CTTGCCCCACAGGGCAGTAACGG,GTTGCCCCACTGGGGAGAAAAGG,0
CTTGCCCCACAGGGCAGTAACGG,AAAATACCTCGTTGATTTCCAGG,0
CTTGCCCCACAGGGCAGTAACGG,GCAGCCCCACAGGTCAGTGAGGG,0
CTTGCCCCACAGGGCAGTAACGG,CCTGCCCCACAGGGCAGCCAAGG,0
CTTGCCCCACAGGGCAGTAACGG,GTTGCCCCTCAGGACAGTACAGG,0
CTTGCCCCACAGGGCAGTAACGG,ATGGCCCCACAAGGCAGAAATGG,0
CTTGCCCCACAGGGCAGTAACGG,TCTTCCCCAATATCCAGTAGG,0
CTTGCCCCACAGGGCAGTAACGG,GTTATCCCACAGGACAGTGAGGG,0
CTTGCCCCACAGGGCAGTAACGG,GGAGCCCCACAGGGCAGAGAGGG,0
CTTGCCCCACAGGGCAGTAACGG,TCCAGCCAGAAAGAGAAGGCTGG,0
CTTGCCCCACAGGGCAGTAACGG,GCTATGGTTCCTGAACGGCCTGG,0
CTTGCCCCACAGGGCAGTAACGG,GATGCCTCACAGGACAGGAAGGG,0
CTTGCCCCACAGGGCAGTAACGG,ATGCAAGTCCAATATCCAGTAGG,0
CTTGCCCCACAGGGCAGTAACGG,CGGCCAGATTCATGGCAATCAGG,0
CTTGCCCCACAGGGCAGTAACGG,ATGCAAGTCCAATATCCAGTGGG,0
CTTGCCCCACAGGGCAGTAACGG,CAGGCCCCACAGGACAGGAAGGG,0
CTTGCCCCACAGGGCAGTAACGG,CAAGCCCCACAGGGCAGACAGGG,0
CTTGCCCCACAGGGCAGTAACGG,CATGGCCAGGAAGAGAAGGCTGG,0
CTTGCCCCACAGGGCAGTAACGG,CCTGCCCCACAGGGCAATTATGG,0
CTTGCCCCACAGGGCAGTAACGG,TTTGCCCCTCAGGGCAGCTAAGG,0
CTTGCCCCACAGGGCAGTAACGG,ATTACCCCACAGGGCAGCCAAGG,0
CTTGCCCCACAGGGCAGTAACGG,TCAGCCCCACAGGTCAGCAATGG,0
CTTGCCCCACAGGGCAGTAACGG,CATGCTCCACAGAGCAGCAAAGG,0
CTTGCCCCACAGGGCAGTAACGG,ACTGCCCCACAGGGAAGTAATAG,0
CTTGCCCCACAGGGCAGTAACGG,TGAGTTCTCCAATATCCAGTTGG,0
CTTGCCCCACAGGGCAGTAACGG,TCTGCCCCACATGGCAGTAATGA,0
CTTGCCCCACAGGGCAGTAACGG,GAAGCCCTACAGGGCAGCAATGG,0
CTTGCCCCACAGGGCAGTAACGG,TCTGCCCCACAGGCCAGGAAGGG,0
CTTGCCCCACAGGGCAGTAACGG,CATACCCCACAGGTCAGTAAGG,0
CTTGCCCCACAGGGCAGTAACGG,TCTGCCCCACAAGACTGTAAAGG,0
CTTGCCCCACAGGGCAGTAACGG,GTTACCTCACAGAGCAGAAAGGG,0
CTTGCCCCACAGGGCAGTAACGG,GGTGTAACCCGGAGTGACCAAGG,0
CTTGCCCCACAGGGCAGTAACGG,ACTCGTCTCCGATATCCAGTTGG,0
CTTGCCCCACAGGGCAGTAACGG,GCTGCCCCACATGACAGAAATGG,0
CTTGCCCCACAGGGCAGTAACGG,ATGAAAGTCCAATATCCAGTGGG,0
CTTGCCCCACAGGGCAGTAACGG,GCTACCCCACAGGGCATTAGGGG,0
CTTGCCCCACAGGGCAGTAACGG,AAAGCCCCACAGGGTAGTAGAGG,0
CTTGCCCCACAGGGCAGTAACGG,ACAGCCCCACAGGGCACTAGAGG,0
CTTGCCCCACAGGGCAGTAACGG,TAAGCCCCACACAGCAGTTAAGG,0
CTTGCCCCACAGGGCAGTAACGG,GGTCCCGGGAATAGCGGGTAAGG,0
CTTGCCCCACAGGGCAGTAACGG,CTTACCTCACAGGGCAGTGAGAG,0
CTTGCCCCACAGGGCAGTAACGG,TCTACCCCACATGGCAGTAATGG,0
CTTGCCCCACAGGGCAGTAACGG,CTCTGTCTCGCGCTGCTTTTGGG,0
GGGTGGGGGGAGTTTGCTCCTGG,GGGTGGGGGGAGTTTGCCCCAGG,1
GGGTGGGGGGAGTTTGCTCCTGG,TAGTGGAGGGAGCTTGCTCCTGG,1
CTTGCCCCACAGGGCAGTAACGG,GTGGCCCCACAGGGCAGGAATGG,1
CTTGCCCCACAGGGCAGTAACGG,GCTGCCCCACAGGGCAGCAAAGG,1
CTTGCCCCACAGGGCAGTAACGG,ATTGCCCCACGGGGCAGTGACGG,1
CTTGCCCCACAGGGCAGTAACGG,TCAGCCCCACAGGGCAGTAAGGG,1
TGGATGGAGGAATGAGGAGTTGG,TTTATGGAGGAATGAGGAGATGG,0
TGGATGGAGGAATGAGGAGTTGG,TGGATGAAGAAATGAAGAGTTGG,0
TGGATGGAGGAATGAGGAGTTGG,TAGATGAAGGAATGAGGAGAAGG,0
TGGATGGAGGAATGAGGAGTTGG,TGGATGAAGGAATGATGAGTGGG,0
TGGATGGAGGAATGAGGAGTTGG,TGGATGGATGAATGAGCAGTGGG,0
TGGATGGAGGAATGAGGAGTTGG,AGGAGAGAGAAATGAGGAGTAGG,0
TGGATGGAGGAATGAGGAGTTGG,AGACGGGAGGAATGAGGAGTAGG,0
TGGATGGAGGAATGAGGAGTTGG,TTGGAGAAGGAATGAGGAGTAGG,0
TGGATGGAGGAATGAGGAGTTGG,GGGAGGAATGAATGAGGAGTTGG,0
TGGATGGAGGAATGAGGAGTTGG,TCTCAGGAGGAATGAGGAGTTGG,0
TGGATGGAGGAATGAGGAGTTGG,TCTTGGGAGGAATGAGGAGTAGG,0
TGGATGGAGGAATGAGGAGTTGG,TGGTTGGAAGAATGAGGATTAGG,0
TGGATGGAGGAATGAGGAGTTGG,TGAATGAATGAATGAGGAGTAGG,0
TGGATGGAGGAATGAGGAGTTGG,GAGATGGTGGAATGAGGAGTAGG,0
TGGATGGAGGAATGAGGAGTTGG,GGGTTGGTGGAATGAGGAGTAGG,0
TGGATGGAGGAATGAGGAGTTGG,CGTATGGAGGAATGATGAGTAGG,0
TGGATGGAGGAATGAGGAGTTGG,TAGATGGAAGAAAGAGGAGTTGG,0
TGGATGGAGGAATGAGGAGTTGG,AGGATGCAGGACTGAGGAGTGGG,0
TGGATGGAGGAATGAGGAGTTGG,GGGATGGAGGAATGACGAGTGGG,0
CCCTGTGTCTCTGGATGGATGGG,CCTTGTGTCTCTGGACAGATGAT,0
CCCTGTGTCTCTGGATGGATGGG,CCCTGTGTCTCTGGGGGGCTGAG,0
CCCTGTGTCTCTGGATGGATGGG,CCATGTGTCTCTGGCTGGTTGTC,0
CCCTGTGTCTCTGGATGGATGGG,CCGTGTGTCTCTGGGTGGGTACG,0
CCCTGTGTCTCTGGATGGATGGG,CCATGTGTCTCTGTTTGCATGTG,0
CCCTGTGTCTCTGGATGGATGGG,CCGTGTGTCTCTGTCCGGATGGA,0
CCCTGTGTCTCTGGATGGATGGG,CCCTGTGTCTCTGGAGACATGTG,0
CCCTGTGTCTCTGGATGGATGGG,CCCTGTGTCTCTGGAGGCCAGGG,0
CCCTGTGTCTCTGGATGGATGGG,CCCTGTGTCTCTGGATTGGTGAT,0
CCCTGTGTCTCTGGATGGATGGG,CCGTGTGTCTCTGGCATGAAGGG,0
CCCTGTGTCTCTGGATGGATGGG,CCCTGTGTCTCTGAATGCAGAGG,0
CCCTGTGTCTCTGGATGGATGGG,CCTTGTGTCTCTTAATGGGTGGG,0
CCCTGTGTCTCTGGATGGATGGG,CCGTGTGTTTCTGGAGGGATGGA,0
CCCTGTGTCTCTGGATGGATGGG,CCTTGTGACTCTGCCTGGATGGG,0
CCCTGTGTCTCTGGATGGATGGG,CCATGTGTGTCTGGATGGACAGG,0
CCCTGTGTCTCTGGATGGATGGG,CCTTGTGTCTATGGAGTGATGGG,0
CCCTGTGTCTCTGGATGGATGGG,CCTTTTGTCTCTGGATGCATGTG,0
CCCTGTGTCTCTGGATGGATGGG,CCTTGTGTCTCCGGAGGGACGGG,0
CCCTGTGTCTCTGGATGGATGGG,CCTTGTGTCTGTGGCTGGGTGGG,0
CCCTGTGTCTCTGGATGGATGGG,CCCTGTGTCTGTGGAAGCATGGG,0
CCCTGTGTCTCTGGATGGATGGG,CCCTGTGTCTCTGGATAGAATGG,0
TGGATGGAGGAATGAGGAGTTGG,GGGATGGAGGGATGAGGAGTGGG,1
TGGATGGAGGAATGAGGAGTTGG,TCCATGGAGGAATGAGGAGAGGG,1
TGGATGGAGGAATGAGGAGTTGG,GCGATGGAGGAATGAAGAGTTGG,1
TGGATGGAGGAATGAGGAGTTGG,TGGATGGAAGAATGAGGGGTGGG,1
TGGATGGAGGAATGAGGAGTTGG,AGGAGGGAGGAATGGGGAGTTGG,1
TGGATGGAGGAATGAGGAGTTGG,ACGATGGAGGAATGAGGACTTGG,1
TGGATGGAGGAATGAGGAGTTGG,GGGAGGGAGGAATGAGGAGTGGG,1
TGGATGGAGGAATGAGGAGTTGG,CGGACGGAGGAATGGGGAGTGGG,1
TGGATGGAGGAATGAGGAGTTGG,TGGATGGAGGGATGAGGAGTGGG,1
CCCTGTGTCTCTGGATGGATGGG,CCCTGTGTCTCTGGGTGGAAGAG,1
GGCCCAGACTGAGCACGTGATGG,GGCTCAGACTGAGCACCTGAGAG,0
GGCCCAGACTGAGCACGTGATGG,ATTCTAGACTGAGCACGTGCAAG,0
GAACACAAAGCATAGACTGCGGG,AAGAACAAAACATAGACTGCAGG,0
GGGAAAGACCCAGCATCCGTGGG,TTATAAGACCCAGCATCCGTAAG,0
GGCACTGCGGCTGGAGGTGGGGG,GGCATTGCTGCTGGTGGTGGTGG,0
GGCACTGCGGCTGGAGGTGGGGG,GGCACATGGGCTGGGGGTGGGGG,0
GGCACTGCGGCTGGAGGTGGGGG,GGCCCTGCAGCTGGAGATGGAAG,0
GGCACTGCGGCTGGAGGTGGGGG,GGCACTGTTGCTGGAGGAGGCAG,0
GGCACTGCGGCTGGAGGTGGGGG,GGCACTGGGGAAGGAGGTGGAGG,0
GGCACTGCGGCTGGAGGTGGGGG,GGCCCTGCAGCTGGAGGAGGAGA,0
GGCACTGCGGCTGGAGGTGGGGG,GGCTCTGAGGCTGGTGGTGGGGG,0
GGCACTGCGGCTGGAGGTGGGGG,CCCACTGCGGGTGGAGGTGGAAG,0
GGCACTGCGGCTGGAGGTGGGGG,GGAAGTGCGGCAGGAGGTGGAGG,0
GGCACTGCGGCTGGAGGTGGGGG,TTCACTGTGGCTGGAGGTGGGGA,0
GGCACTGCGGCTGGAGGTGGGGG,CGCACTGGGGCTGCAGGTGGAGG,0
GGCACTGCGGCTGGAGGTGGGGG,GGCCCTGAGACTGCAGCTGGAGG,0
GGCACTGCGGCTGGAGGTGGGGG,GCACCTGCGGCTGGAGGTGGCAG,0
GGCACTGCGGCTGGAGGTGGGGG,GGCATGCGGCTGGGAGGTGGAGG,0
GGCACTGCGGCTGGAGGTGGGGG,GGCACGCGGCTGGGAGGTGGAGG,0
GGCACTGCGGCTGGAGGTGGGGG,GGCCCTTCGGCTGGAGGTGGCAG,0
GGCACTGCGGCTGGAGGTGGGGG,GGCACTGCCACTGGGGGTGAGGG,0
GGCACTGCGGCTGGAGGTGGGGG,GGCACTGCGGGAGGAGGTGGGCG,0
GGCCCAGACTGAGCACGTGATGG,TTCCCAGACAAAGCACGCGAAGG,0
GGCCCAGACTGAGCACGTGATGG,ACTCCAGACTGAGCAACTGAGGG,0
GGCCCAGACTGAGCACGTGATGG,CTCGGAGACTGACCACGTGAGGG,0
GGCCCAGACTGAGCACGTGATGG,TCTCCAGACTGAGCCCATGAGGG,0
GGCCCAGACTGAGCACGTGATGG,GAAGGAGACTGAGCATGTGAGGG,0
GGCCCAGACTGAGCACGTGATGG,CCCATGGACTGAGCACATGAAGG,0
GGCCCAGACTGAGCACGTGATGG,GACCCAGAATGAGCACAAAAGGG,0
GGCCCAGACTGAGCACGTGATGG,AACAAAGACTGAGCACGTTAGGG,0
GGCCCAGACTGAGCACGTGATGG,CAGCCAGACAGAGCACGTGGAGG,0
GGCCCAGACTGAGCACGTGATGG,CCTAAAGACTGAGCAAGTGAAGG,0
GGCCCAGACTGAGCACGTGATGG,AAATAAGACTGAGCACGTGGTGG,0
GGCCCAGACTGAGCACGTGATGG,GGCGCAGACAGAGCACGTGACGA,0
GAACACAAAGCATAGACTGCGGG,GAGCGATAAGCACAGACTGCTGG,0
GAACACAAAGCATAGACTGCGGG,AACTCCAAAGCATATACTGCTGG,0
GAACACAAAGCATAGACTGCGGG,GTAATTAAAGCACAGACTGCTGG,0
GAACACAAAGCATAGACTGCGGG,ATACACAGAGCAAAGACTGCAGG,0
GAACACAAAGCATAGACTGCGGG,GGAATCAAAGCACAGACTGCAGG,0
GAACACAAAGCATAGACTGCGGG,AAACATAAAGAATAGACTGCAAG,0
GAACACAAAGCATAGACTGCGGG,CCAAACAAAACATAGACTGCTGG,0
GAACACAAAGCATAGACTGCGGG,AAATACAATGCATAGACTGCTAG,0
GAACACAAAGCATAGACTGCGGG,CCACACCAAGCATAGACTTCTGG,0
GAACACAAAGCATAGACTGCGGG,TCACACAAACCATAGACTGAGGG,0
GAACACAAAGCATAGACTGCGGG,GAAAACAAAACATAGAGTGCTGG,0
GAACACAAAGCATAGACTGCGGG,GAATTCAAAGCATAGATTGCAGG,0
GAACACAAAGCATAGACTGCGGG,CAATACAAAGGATAGACTGCAGG,0
GAACACAAAGCATAGACTGCGGG,GAATACTAAGCATAGACTCCAGG,0
GGGAAAGACCCAGCATCCGTGGG,TGGAAAGAAACAGCATCCGTACG,0
GGGAAAGACCCAGCATCCGTGGG,GGAGAAAGACCAGCATCCATAGG,0
GGGAAAGACCCAGCATCCGTGGG,ATGAAAGACCCAGCATCCATTGA,0
GGGAAAGACCCAGCATCCGTGGG,GGAAAAGACCAAGCATCAGTGGG,0
GTCATCTTAGTCATTACCTGAGG,GTCATCTTAGTCATTACTGAGG,0
GTCATCTTAGTCATTACCTGAGG,CATCTAATAGTAATTACCTGGGG,0
GTCATCTTAGTCATTACCTGAGG,ACTTCAGTAGTCATTACCTAGGG,0
GTCATCTTAGTCATTACCTGAGG,ATGCTTCTTGTCATTACCTTGGG,0
GTCATCTTAGTCATTACCTGAGG,AATATGTTAGTCATTACCTGAGG,0
GTCATCTTAGTCATTACCTGAGG,TAACACATAGTCACTACCTGGTG,0
GTCATCTTAGTCATTACCTGAGG,ACTTATTTAGTCATTACCTGTAG,0
GTCATCTTAGTCATTACCTGAGG,ATTATTTTAGTCATTACCTTTGG,0
GTCATCTTAGTCATTACCTGAGG,ATCACCTTAGCCATTACCAGGGG,0
GGAATCCCTTCTGCAGCACCTGG,ACACTCCCTTCTGCAGCACCATG,0
GGAATCCCTTCTGCAGCACCTGG,AGGGTCCCTTCTGCAGCCCCTGG,0
GGAATCCCTTCTGCAGCACCTGG,GGAACCCCCTCTGCAGCTTCTGG,0
GGAATCCCTTCTGCAGCACCTGG,GGGAGTCCATCTGCAGCACCAGG,0
GAGTCCGAGCAGAAGAAGAAGGG,AAGTCCAGACAGAAGAAGAAGGA,0
GAGTCCGAGCAGAAGAAGAAGGG,GAGTCCAAGCAGTAGAGGAAGGG,0
GAGTCCGAGCAGAAGAAGAAGGG,GAGTCCCAGGAGAAGAAGAGAGG,0
GAGTCCGAGCAGAAGAAGAAGGG,AAGTCTGAGAAGAAGAAGAAAGA,0
GAGTCCGAGCAGAAGAAGAAGGG,GAGTTCAAGCAGAGAAGAAAGGG,0
GAGTCCGAGCAGAAGAAGAAGGG,GAGTTTGAGTAGAAGAAGAAGAG,0
GAGTCCGAGCAGAAGAAGAAGGG,GAGGCAGAGAGAAAGAAGAAAGG,0
GAGTCCGAGCAGAAGAAGAAGGG,GAAGTAGAGCAGAAGAAGAAGCG,0
GAGTCCGAGCAGAAGAAGAAGGG,GAGTCAGAGCAAAAGAAGTAGTG,0
GAGTCCGAGCAGAAGAAGAAGGG,GAGGTAGAGCAGAAGAAGAAGCG,0
GAGTCCGAGCAGAAGAAGAAGGG,GAGTCCCAGCAAAAGAAGAAAAG,0
GAGTCCGAGCAGAAGAAGAAGGG,TCATCCAAGCAGAAGAAGAAGAG,0
GAGTCCGAGCAGAAGAAGAAGGG,GAGTCTAAGCAGGAGAATAAAGG,0
GAGTCCGAGCAGAAGAAGAAGGG,GAGCACGAGCAAGAGAAGAAGGG,0
GAGTCCGAGCAGAAGAAGAAGGG,AAGTCCCGGCAGAGGAAGAAGGG,0
GGTGAGTGAGTGTGTGCGTGTGG,GGTGTGTGAGTGTGTGCATTGGG,0
GGTGAGTGAGTGTGTGCGTGTGG,GGTGTAGTGGTGTGTGCTTGTGG,0
GGTGAGTGAGTGTGTGCGTGTGG,GGTGTGTGTGTGTGTGTGTGTGG,0
GGTGAGTGAGTGTGTGCGTGTGG,GGTGTATGAGTGTGTGCGTCGGA,0
GGTGAGTGAGTGTGTGCGTGTGG,GATGTGTGAGTGTGTGCCTGTGG,0
GGTGAGTGAGTGTGTGCGTGTGG,CATGAGTGGGTGTGTGCGTGGAG,0
GGTGAGTGAGTGTGTGCGTGTGG,TGTGTGTGAGTGTGTGCATGAGG,0
GGTGAGTGAGTGTGTGCGTGTGG,TGTGTGAGTGTGTGTGTGGGGGG,0
GGTGAGTGAGTGTGTGCGTGTGG,TGTGTGAGTGTGTGTGTGCGTGG,0
GGTGAGTGAGTGTGTGCGTGTGG,TGTGAGTGAGTGTGTGCATGTGA,0
GGTGAGTGAGTGTGTGCGTGTGG,GGTGTGTGAGTGTGTGCATGTTG,0
GGTGAGTGAGTGTGTGCGTGTGG,AGTGAGTAAGTGAGTGAGTGAGG,0
GGTGAGTGAGTGTGTGCGTGTGG,TGTGAGTGAGTATGTACATGTGG,0
GGTGAGTGAGTGTGTGCGTGTGG,GATGAGTGTGTGTGTGTGTGAGG,0
GACCCCCTCCACCCCGCCTCCGG,CCCACACCCCACCCCACCTCCGG,0
GACCCCCTCCACCCCGCCTCCGG,CCTCACCCCCACCCCACCTCTGG,0
GACCCCCTCCACCCCGCCTCCGG,GCTGTCTCCCACCCCGCCTCAGG,0
GACCCCCTCCACCCCGCCTCCGG,TAAATCCTCCACCCCACCTCAGG,0
GACCCCCTCCACCCCGCCTCCGG,TCCGCCCCCCACCCCACCTCCGG,0
GACCCCCTCCACCCCGCCTCCGG,CCCTCTCCACCCCCACCCTCTGG,0
GACCCCCTCCACCCCGCCTCCGG,GCCAGCCCTCACCCCGCCTCGGG,0
GGGTGGGGGGAGTTTGCTCCAGG,AGGTCGGGGGAGTTAGATCCCGG,0
GGGTGGGGGGAGTTTGCTCCAGG,AAGTGGGAGGAGACTGCTCCAGG,0
GGGTGGGGGGAGTTTGCTCCAGG,AAGTGGGAAGAGTTTGTTCCAGG,0
GGGTGGGGGGAGTTTGCTCCAGG,GGGAGGGGAGAGTTTGTTCCAGG,0
GGGTGGGGGGAGTTTGCTCCAGG,AGGAAGGAGGAGTTAGCTCCTGG,0
GGGTGGGGGGAGTTTGCTCCAGG,GGGTGGGGAGAGTTTCTTCCTGG,0
GGGTGGGGGGAGTTTGCTCCAGG,GGGGGAGGGAAGTTTCCTCCAGG,0
GGGTGGGGGGAGTTTGCTCCAGG,AAGTAAGGGAAGTTTGCTCCTGG,0
GGGTGGGGGGAGTTTGCTCCAGG,GGGGGTGGGGAGCATGCTCCAGG,0
GGGTGGGGGGAGTTTGCTCCAGG,GGAGGAGGGGAGTCTGCTCCAGG,0
GGGTGGGGGGAGTTTGCTCCAGG,AGTTTGGGGGAGTTTGCCCCAGG,0
GGGTGGGGGGAGTTTGCTCCAGG,GGGGGTGGGGACTTTGCTCCAGG,0
GGGTGGGGGGAGTTTGCTCCAGG,GAGGGTGGGGAGTTTACTCCTGG,0
GGCACTGCGGCTGGAGGTGGGGG,GGAACTGGGGCTGGGGGTGGGGG,1
GGCACTGCGGCTGGAGGTGGGGG,CACACTGCAGCTGGAGGTGGTGG,1
GGCACTGCGGCTGGAGGTGGGGG,TGCACTGTGGCTGGAGATGGGGG,1
GGCACTGCGGCTGGAGGTGGGGG,GCCACTGGGGCTGGGGGTGGGGG,1
GGCACTGCGGCTGGAGGTGGGGG,GGCACAGCAGCTGGAGGTGCTGG,1
GGCACTGCGGCTGGAGGTGGGGG,GGCAATGTGGCTGAAGGTGGGGG,1
GGCACTGCGGCTGGAGGTGGGGG,AGGACTGCGGCTGGGGGTGGTGG,1
GGCACTGCGGCTGGAGGTGGGGG,GGCACTGGGGCTGGGGGAGGGGG,1
GGCACTGCGGCTGGAGGTGGGGG,AGCAGTGCGGCTAGAGGTGGTGG,1
GGCACTGCGGCTGGAGGTGGGGG,GGCACTGAGACTGGGGGTGGGGG,1
GGCACTGCGGCTGGAGGTGGGGG,GGCATCACGGCTGGAGGTGGAGG,1
GGCACTGCGGCTGGAGGTGGGGG,TGCACTGCGGCCGGAGGAGGTGG,1
GGCACTGCGGCTGGAGGTGGGGG,GGCAATGCGGCTGGAGGCGGAGG,1
GGCACTGCGGCTGGAGGTGGGGG,GGCACTGTGGCTGCAGGTGGAGG,1
GGCACTGCGGCTGGAGGTGGGGG,GGCACTGAGGGTGGAGGTGGGGG,1
GGCACTGCGGCTGGAGGTGGGGG,GGCACTGGGGTTGGAGGTGGGGG,1
GGCACTGCGGCTGGAGGTGGGGG,GGCACTGCTGCTGGGGGTGGTGG,1
GGCACTGCGGCTGGAGGTGGGGG,GGCGCTGCGGCGGGAGGTGGAGG,1
GGCACTGCGGCTGGAGGTGGGGG,GGCACGACGGCTGGAGGTGGGGG,1
GGCACTGCGGCTGGAGGTGGGGG,GGCTCTGCGGCTGGAGGGGGTGG,1
GGCCCAGACTGAGCACGTGATGG,GGCTCAGACTGAGCACCTGAGAG,1
GGCCCAGACTGAGCACGTGATGG,AGACCAGACTGAGCAAGAGAGGG,1
GGCCCAGACTGAGCACGTGATGG,GACACAGACCGGGCACGTGAGGG,1
GGCCCAGACTGAGCACGTGATGG,CACCCAGACTGAGCACGTGCTGG,1
GGCCCAGACTGAGCACGTGATGG,GAGCCAGAATGAGCACGTGAGGG,1
GGCCCAGACTGAGCACGTGATGG,AGCTCAGACTGAGCAAGTGAGGG,1
GAACACAAAGCATAGACTGCGGG,GAACACAATGCATAGATTGCCGG,1
GGGAAAGACCCAGCATCCGTGGG,GGGAAAAGCCCAGCATCCCTTGG,1
GGGAAAGACCCAGCATCCGTGGG,GAGAAAAGCCCAGCATCCTTAGG,1
GGGAAAGACCCAGCATCCGTGGG,GGGAAATACCCAGCATCCAATGG,1
GGGAAAGACCCAGCATCCGTGGG,GGGAAGGACCCAGCATCCTGGGG,1
GGGAAAGACCCAGCATCCGTGGG,GGGAAAGTCCCAGCATCCTTTGG,1
GTCATCTTAGTCATTACCTGAGG,GGTATCTAAGTCATTACCTGTGG,1
GTCATCTTAGTCATTACCTGAGG,GTCATCTTAGTCATTACCTGAGG,1
GGAATCCCTTCTGCAGCACCTGG,GGAGTCCCTCCTGCAGCACCTGA,1
GGAATCCCTTCTGCAGCACCTGG,GGAGTCCCTCCTACAGCACCAGG,1
GGAATCCCTTCTGCAGCACCTGG,TGAATCCCATCTCCAGCACCAGG,1
GGAATCCCTTCTGCAGCACCTGG,ACCATCCCTCCTGCAGCACCAGG,1
GGAATCCCTTCTGCAGCACCTGG,AGAGGCCCCTCTGCAGCACCAGG,1
GGAATCCCTTCTGCAGCACCTGG,GGAACCCCGTCTGCAGCACCAGG,1
GAGTCCGAGCAGAAGAAGAAGGG,AAGTCAGAGGAGAAGAAGAAGGG,1
GAGTCCGAGCAGAAGAAGAAGGG,GAATCCAAGCAGAAGAAGAGAAG,1
GAGTCCGAGCAGAAGAAGAAGGG,ACGTCTGAGCAGAAGAAGAATGG,1
GAGTCCGAGCAGAAGAAGAAGGG,GAGCCGGAGCAGAAGAAGGAGGG,1
GAGTCCGAGCAGAAGAAGAAGGG,GAGTCCTAGCAGGAGAAGAAGAG,1
GAGTCCGAGCAGAAGAAGAAGGG,GAGGCCGAGCAGAAGAAAGACGG,1
GAGTCCGAGCAGAAGAAGAAGGG,GAGTCTAAGCAGAAGAAGAAGAG,1
GGTGAGTGAGTGTGTGCGTGTGG,TGTGAGTGAATGTGTGTGTGTGG,1
GGTGAGTGAGTGTGTGCGTGTGG,TGTGTGAGTGAGTGTGTGTGTGG,1
GGTGAGTGAGTGTGTGCGTGTGG,TGTGAGTGAGTGAGTGAATGTGG,1
GGTGAGTGAGTGTGTGCGTGTGG,AGTGAGAAAGTGTGTGCATGCGG,1
GGTGAGTGAGTGTGTGCGTGTGG,AATGAGTGAGTGTGTGTGTGTGA,1
GGTGAGTGAGTGTGTGCGTGTGG,GGTGAGCAAGTGTGTGTGTGTGG,1
GGTGAGTGAGTGTGTGCGTGTGG,AGTGAGTATGTGTGTGTGTGGGG,1
GGTGAGTGAGTGTGTGCGTGTGG,GGTGAATGAGTGTGTGCTCTGGG,1
GGTGAGTGAGTGTGTGCGTGTGG,GGTGTGTGAGTGTGTGTGTGTGG,1
GGTGAGTGAGTGTGTGCGTGTGG,AGCGAGTGGGTGTGTGCGTGGGG,1
GGTGAGTGAGTGTGTGCGTGTGG,GTAGAGTGAGTGTGTGTGTGTGG,1
GGTGAGTGAGTGTGTGCGTGTGG,GGTGAGTCAGTGTGTGAGTGAGG,1
GGTGAGTGAGTGTGTGCGTGTGG,AGCGAGTGAGTGTGTGTGTGGGG,1
GGTGAGTGAGTGTGTGCGTGTGG,TGTGGGTGAGTGTGTGCGTGAGA,1
GGTGAGTGAGTGTGTGCGTGTGG,AGTGTGTGAGTGTGTGCGTGTGG,1
GGTGAGTGAGTGTGTGCGTGTGG,ACTGTGTGAGTGTGTGCGTGAGG,1
GGTGAGTGAGTGTGTGCGTGTGG,TGTGAGTAAGTGTGTGTGTGTGG,1
GGTGAGTGAGTGTGTGCGTGTGG,AGTGAATGAGTGTGTGTGTGTGG,1
GGTGAGTGAGTGTGTGCGTGTGG,GGTGAGTGAGTGTGTGCGTGTGG,1
GACCCCCTCCACCCCGCCTCCGG,CCCCCCCCCCCCCCCGCCTCAGG,1
GACCCCCTCCACCCCGCCTCCGG,GACACACCCCACCCCACCTCAGG,1
GACCCCCTCCACCCCGCCTCCGG,GCCCCCCACCACCCCACCTCGGG,1
GACCCCCTCCACCCCGCCTCCGG,CAGTCCCCCCACCCCACCTCTGG,1
GACCCCCTCCACCCCGCCTCCGG,CATTCCCCCCACCCCACCTCAGG,1
GACCCCCTCCACCCCGCCTCCGG,CAACCCCCCCACCCCGCTTCAGG,1
GACCCCCTCCACCCCGCCTCCGG,GCTTCCCTCCACCCCGCATCCGG,1
GACCCCCTCCACCCCGCCTCCGG,TGCCCCCCCCACCCCACCTCTGG,1
GACCCCCTCCACCCCGCCTCCGG,GACCCCTCCCACCCCGACTCCGG,1
GACCCCCTCCACCCCGCCTCCGG,GACCCCCTCCACCCCGCCTCCGG,1
GGGTGGGGGGAGTTTGCTCCAGG,GGGTGGGTGGAGTTTGCTACTGG,1
GGGTGGGGGGAGTTTGCTCCAGG,GGTGGGGGTGGGTTTGCTCCTGG,1
GGGTGGGGGGAGTTTGCTCCAGG,GGGCAAGGGGAGGTTGCTCCTGG,1
GGGTGGGGGGAGTTTGCTCCAGG,GAGGGGGAGCAGTTTGCTCCAGG,1
GGGTGGGGGGAGTTTGCTCCAGG,CTGGTGGGGGAGCTTGCTCCAGG,1
GGGTGGGGGGAGTTTGCTCCAGG,AGGAAGGAGGAGTTAGCTCCTGG,1
GGGTGGGGGGAGTTTGCTCCAGG,GGTGGGGGAGAGCTAGCTCCGGG,1
GGGTGGGGGGAGTTTGCTCCAGG,TTGGGGGGGCAGTTTGCTCCTGG,1
GGGTGGGGGGAGTTTGCTCCAGG,GGTTGAGGGGAGTCTGCTCCAGG,1
GGGTGGGGGGAGTTTGCTCCAGG,GTGGGGGTAGAGTTTGCTCCAGG,1
GGGTGGGGGGAGTTTGCTCCAGG,GCGTGGGGGGTGTTTGCTCCCGG,1
GGGTGGGGGGAGTTTGCTCCAGG,AGGTGGTGGGAGCTTGTTCCTGG,1
GGGTGGGGGGAGTTTGCTCCAGG,AGGGAGGAGGAATTTGCTCCAGG,1
GGGTGGGGGGAGTTTGCTCCAGG,GAGTGGGTGGAGTTTGCTACAGG,1
GGGTGGGGGGAGTTTGCTCCAGG,TAGTGGAGGGAGCTTGCTCCTGG,1
GGGTGGGGGGAGTTTGCTCCAGG,GGGAGGGTGGAGTTTGCTCCTGG,1
GGGTGGGGGGAGTTTGCTCCAGG,AGCTGGAGGGAGTTTGCCCCAGG,1
GGGTGGGGGGAGTTTGCTCCAGG,GGGTGGGGGGAGTTTGCCCCAGG,1
GGGTGGGGGGAGTTTGCTCCAGG,CGGGGGAGGGAGTTTGCTCCTGG,1
GGGTGGGGGGAGTTTGCTCCAGG,GGGGAGGGGAAGTTTGCTCCTGG,1
GGGTGGGGGGAGTTTGCTCCAGG,GGATGGAGGGAGTTTGCTCCTGG,1
GCAGCATAGTGAGCCCAGAAGGG,ACAGAATAGAGAACCCAGAAAGG,0
GCAGCATAGTGAGCCCAGAAGGG,TCAGCATGTGAGCCCAGCATGG,0
GCAGCATAGTGAGCCCAGAAGGG,CCAGCAGAGTGAGCCCAGAGGG,0
GCAGCATAGTGAGCCCAGAAGGG,ACAGCTAGTGAGCCCAGCATGG,0
GCAGCATAGTGAGCCCAGAAGGG,TCAGCAAAGTGAGCCCCAGAAAGG,0
GCAGCATAGTGAGCCCAGAAGGG,TCAGAATAGTGACCCAGAAGGG,0
GCAGCATAGTGAGCCCAGAAGGG,TCAGGAAGTGAGCCCAGAAAGG,0
GCAGCATAGTGAGCCCAGAAGGG,GAAGCAAGTGAGCCCAGAAGGG,0
GCAGCATAGTGAGCCCAGAAGGG,AAAGCTAGTGAGCCCAGAATGG,0
GCAGCATAGTGAGCCCAGAAGGG,CCAGCATACTGAGCCCAGACGAG,0
GCAGCATAGTGAGCCCAGAAGGG,CCAGCTTAGTGAGCCCAGGAAAG,0
GCAGCATAGTGAGCCCAGAAGGG,ACAGCATACTGAACCCAGAAAAG,0
GCAGCATAGTGAGCCCAGAAGGG,ACAGAATAGAGAGCCCAGAAAAG,0
GCAGCATAGTGAGCCCAGAAGGG,ACAGAATAGAGAGCCCAGAATAG,0
GCAGCATAGTGAGCCCAGAAGGG,ACAACATTGTGAGCCCAGAATAG,0
GCAGCATAGTGAGCCCAGAAGGG,TCAGAAGAGTGAGCCCAGAAAAG,0
GCAGCATAGTGAGCCCAGAAGGG,GCAGCATAGTGAGACCAGCCTGG,0
GCAGCATAGTGAGCCCAGAAGGG,ACAGCATGGTGAGCCCACAGTGG,0
GCAGCATAGTGAGCCCAGAAGGG,CCAGCATAGTAAGCCCCGAGAGG,0
GCAGCATAGTGAGCCCAGAAGGG,CCAGCATAGTGAGCTCAGACGGG,0
GCAGCATAGTGAGCCCAGAAGGG,CCAGCATACAGAGCCCAGAGAGG,0
GCAGCATAGTGAGCCCAGAAGGG,ACAGGAAAGTGAGCCCAGAGGGG,0
GCAGCATAGTGAGCCCAGAAGGG,GGAGGATAGTGAGCCCAGAGCGG,0
GCAGCATAGTGAGCCCAGAAGGG,ACAGCAGAGGGAGCCCAGCATGG,0
GCAGCATAGTGAGCCCAGAAGGG,CCAGCATGCTGAGCCCAGCAGGG,0
GCAGCATAGTGAGCCCAGAAGGG,CCAGCACGGTGAGCCCAGCATGG,0
GCAGCATAGTGAGCCCAGAAGGG,ACAGTACAGTGAGCCCAGGATGG,0
GCAGCATAGTGAGCCCAGAAGGG,CCAGCACAGTGAGTCCGGAAGGG,0
GCAGCATAGTGAGCCCAGAAGGG,TCACCACAGTGAGCCCATAAAGG,0
GCAGCATAGTGAGCCCAGAAGGG,TCTCCATAGTGAGCCCATAAAGG,0
GCAGCATAGTGAGCCCAGAAGGG,GCAGCAGAGTGAGCCCACAATGG,0
GCAGCATAGTGAGCCCAGAAGGG,CCAGCATAGGAAGCACAGAATGG,0
GCAGCATAGTGAGCCCAGAAGGG,CCAGCAGGGTGAGCCAAGAATGG,0
GCAGCATAGTGAGCCCAGAAGGG,GCAGCATACAGAGCTCAGAAAGG,0
GCAGCATAGTGAGCCCAGAAGGG,ACAGCAAAGTGAATCCAGAAAGG,0
GCAGCATAGTGAGCCCAGAAGGG,CCAGCAAAGGGAGCACAGAAGGG,0
GCAGCATAGTGAGCCCAGAAGGG,GCAGCAGAGTGGGGCCAGAAAGG,0
GCAGCATAGTGAGCCCAGAAGGG,GCAACAGAGTGAGCGCAGAAGGG,0
GCAGCATAGTGAGCCCAGAAGGG,CCAGCATGGTGCCCCCAGAAGGG,0
GCAGCATAGTGAGCCCAGAAGGG,CCAGCACAGTGGACCCAGAAAGG,0
GCAGCATAGTGAGCCCAGAAGGG,CCAGCAAAGTGCTCCCAGAATGG,0
GCAGCATAGTGAGCCCAGAAGGG,ACAGAATGGTGAGACCAGAATGG,0
GCAGCATAGTGAGCCCAGAAGGG,ACAACCTAGTGAGGCCAGAAGGG,0
GCAGCATAGTGAGCCCAGAAGGG,GCAGAATTGTGAACCCAGAAGGG,0
GCAGCATAGTGAGCCCAGAAGGG,CCAGCCCAGTGACCCCAGAAAGG,0
GCAGCATAGTGAGCCCAGAAGGG,GCAGCACAGGGGGCCCAGAATGG,0
GCAGCATAGTGAGCCCAGAAGGG,TCAGCAGTGTGGGCCCAGAAAGG,0
GCAGCATAGTGAGCCCAGAAGGG,TCAGCAGACTCAGCCCAGAAAGG,0
GCAGCATAGTGAGCCCAGAAGGG,CCATCAAAGTTAGCCCAGAACGG,0
GCAGCATAGTGAGCCCAGAAGGG,ACAGCAGTGGGAGCCCAGAAAGG,0
GCAGCATAGTGAGCCCAGAAGGG,ACAGAGTAGAGAGCCCAGAAAGG,0
GCAGCATAGTGAGCCCAGAAGGG,GAAGCAAAGAGAGCCCAGAATGG,0
GCAGCATAGTGAGCCCAGAAGGG,ACAACAAAATGAGCCCAGAAAGG,0
GCAGCATAGTGAGCCCAGAAGGG,ACAGAATAGAGAGCCCAGAAAGG,0
GCAGCATAGTGAGCCCAGAAGGG,TCAGAATAGAGAGCCCAGAACGG,0
GCAGCATAGTGAGCCCAGAAGGG,GCAGGAATGTGAGCCCAGAAAGG,0
GCAGCATAGTGAGCCCAGAAGGG,AGAGAAGAGTGAGCCCAGAAGGG,0
GCAGCATAGTGAGCCCAGAAGGG,ACAGAATAGAGAACCCAGAAAGG,1
GCAGCATAGTGAGCCCAGAAGGG,GCTGCATAGTGAACCCAGTATGG,1
GCAGCATAGTGAGCCCAGAAGGG,ACAGCATAGTGAACCCAGGAGGG,1
GCAGCATAGTGAGCCCAGAAGGG,ACAGCATAGAGGGCCCAGAAGGG,1
GCAGCATAGTGAGCCCAGAAGGG,ACAGAATAGAGAGCCCAGAAAGG,1
GTAACGGCAGACTTCTCCACAGG,CTAACGGCAGACTTCTCAGCAG,0
GTAACGGCAGACTTCTCCACAGG,CTAACAGCAGACTTCTCAGCAGG,0
GTAACGGCAGACTTCTCCACAGG,ATAACAGCAGACTTCTCAGCAAG,0
GTAACGGCAGACTTCTCCACAGG,CTAACGGCAGACTTTCCAGCAG,0
GTAACGGCAGACTTCTCCACAGG,CTAACAGCAGACTTCTGTACCGG,0
GTAACGGCAGACTTCTCCACAGG,CTAAAGGCAGACTTCTTAACTGG,0
GTAACGGCAGACTTCTCCACAGG,TTAACAGCAGAGTTCTCCAGAGG,0
GTAACGGCAGACTTCTCCACAGG,TGAACGGCAGATTTCTCCAGAAG,0
GTAACGGCAGACTTCTCCACAGG,AGAACGGCAAACTTCTCCAACAG,0
GTAACGGCAGACTTCTCCACAGG,CTAAATGCAGACTTCTCCATTAG,0
GTAACGGCAGACTTCTCCACAGG,ATAATGGCAGACTTTTCTACCAG,0
GTAACGGCAGACTTCTCCACAGG,ATAACAGCAGACTTCGTCACAAG,0
GTAACGGCAGACTTCTCCACAGG,TTAAAGGCAGACTACTCAACAGG,0
GTAACGGCAGACTTCTCCACAGG,TTAAAGGAAGACTTCTCCTCAGG,0
GTAACGGCAGACTTCTCCACAGG,GAAAAGGCAGACTTCTCCCCTAG,0
GTAACGGCAGACTTCTCCACAGG,TTAAAGGCAGACTTATGCACAAG,0
GTAACGGCAGACTTCTCCACAGG,GGAACGGCAGACTTATACACAGG,0
GTAACGGCAGACTTCTCCACAGG,CTAACAGCAGATTTCTCAACAGG,0
GTAACGGCAGACTTCTCCACAGG,CTAACGGAAGACTTCTCACACCAG,0
GTAACGGCAGACTTCTCCACAGG,CTAACTGAAGACTTCTCAACCAG,0
GTAACGGCAGACTTCTCCACAGG,CTGACAGCAGACTTCTCAACAAG,0
GTAACGGCAGACTTCTCCACAGG,CTAACAGCAGACTTCTCACTGG,0
GTAACGGCAGACTTCTCCACAGG,CTAACAGCAGACTTCTCACAAG,0
GTAACGGCAGACTTCTCCACAGG,ATAACTGCAGACCTCCCCACAAG,0
GTAACGGCAGACTTCTCCACAGG,CTAATGGCAGAATTCACCACCAG,0
GTAACGGCAGACTTCTCCACAGG,ATAACTGCAGACATTTCCACCAG,0
GTAACGGCAGACTTCTCCACAGG,TTAAAGGCAGTCTTGTCCACAAG,0
GTAACGGCAGACTTCTCCACAGG,ATAACTGGAGACTTCACCACCAG,0
GTAACGGCAGACTTCTCCACAGG,ATTAGGGCAGACTTTTCCACAGG,0
GTAACGGCAGACTTCTCCACAGG,CTAAGGGCAGCCTCCTCCACTGG,0
GTAACGGCAGACTTCTCCACAGG,CTAAGGGCAGACTTTTCCACAGG,0
GTAACGGCAGACTTCTCCACAGG,TTAATGGCAGGCATCTCCACAGG,0
GTAACGGCAGACTTCTCCACAGG,ATGACGGCAGCCCTCTCCACGAG,0
GTAACGGCAGACTTCTCCACAGG,TTAAGGGCAAAATTCTCCACAAG,0
GTAACGGCAGACTTCTCCACAGG,GTAACGGCCACTTCTCCACAGG,0
GTAACGGCAGACTTCTCCACAGG,CTAAAGTCAGAGTTCTCCACCAG,0
GTAACGGCAGACTTCTCCACAGG,ATATTGGCAGATTTCTCCACCAG,0
GTAACGGCAGACTTCTCCACAGG,CTAACCACAGCCTTCTCCACTGG,0
GTAACGGCAGACTTCTCCACAGG,ATGAGGGCAGAGTTCTCCACAAG,0
GTAACGGCAGACTTCTCCACAGG,TTAATGCCAGTCTTCTCCACTGG,0
GTAACGGCAGACTTCTCCACAGG,TTAAAGGAGACTTCTCCACAGG,0
GTAACGGCAGACTTCTCCACAGG,ATAACAACACACTTCTCCACTGG,0
GTAACGGCAGACTTCTCCACAGG,GTCAGGGCTGACTTCTCCACTGG,0
GTAACGGCAGACTTCTCCACAGG,ATAAAAGTAGACTTCTCCACCAG,0
GTAACGGCAGACTTCTCCACAGG,AGAACTACAGACTTCTCCACTAG,0
GTAACGGCAGACTTCTCCACAGG,AAAAAGTCAGACTTCTCCACAGG,0
GTAACGGCAGACTTCTCCACAGG,GTGGGGGCAGACTTCTCCACCAG,0
GTAACGGCAGACTTCTCCACAGG,ATAAAGGCAGGCTTCTCCCCAAG,1
GTAACGGCAGACTTCTCCACAGG,TTAACAGCAGACTTCTCAACAGG,1
GTAACGGCAGACTTCTCCACAGG,GTCATGGCAGACTTCCCCACAAG,1
GTAACGGCAGACTTCTCCACAGG,CTAACAGCAGACCTCTCCACTGG,1
GTAACGGCAGACTTCTCCACAGG,GCAGCGGCAGTCTTCTCCACCGG,1
GTAACGGCAGACTTCTCCACAGG,GTCAGGCAGACTTCTCCACAGG,1
GTAACGGCAGACTTCTCCACAGG,AACACGCCAGACTTCTCCACAGG,1
GTAACGGCAGACTTCTCCACAGG,TCACAGGCAGACTTCTCCACGGG,1
GTAACGGCAGACTTCTCCACAGG,ATAAGGCCAGACTTCTCCACTGG,1
TGGTAATGATGGCTTCAACATGG,TGGTAATGATGGCTACAGAACAG,0
TGGTAATGATGGCTTCAACATGG,TGGTAATGATGACTTCATCCAAG,0
TGGTAATGATGGCTTCAACATGG,AGGTAATGATGGATTCATTATAG,0
TGGTAATGATGGCTTCAACATGG,GGGTAATGATGGATTCATTATAG,0
TGGTAATGATGGCTTCAACATGG,GGGTAATGCTGGCTTCATGAGAG,0
TGGTAATGATGGCTTCAACATGG,TGGTGATGATGGCTTCAGAATAG,0
TGGTAATGATGGCTTCAACATGG,GGGTAAGGATGGCTTGAACTCAG,0
TGGTAATGATGGCTTCAACATGG,AGGGAATGATGGCTTTAACTTAG,0
TGGTAATGATGGCTTCAACATGG,AGCTAATGATGGCTTGAACTAAG,0
TGGTAATGATGGCTTCAACATGG,GGGTAATGATGGCTGAACCAAAG,0
TGGTAATGATGGCTTCAACATGG,GGATAATGATGGCTTCCAAACAG,0
TGGTAATGATGGCTTCAACATGG,AGGTAATGTGGCTTCAACCCAG,0
TGGTAATGATGGCTTCAACATGG,AGGTAATATGGCTTCAACTTGG,0
TGGTAATGATGGCTTCAACATGG,GGGTAATGCTGGCCTCAAAAAAG,0
TGGTAATGATGGCTTCAACATGG,GGGTAATGCTGGCCTCAAAAGAG,0
TGGTAATGATGGCTTCAACATGG,TGGTAATGATAGCTACATCAAAG,0
TGGTAATGATGGCTTCAACATGG,GGGTAATGATGCCTTTCACACAG,0
TGGTAATGATGGCTTCAACATGG,GGGTAATGCTGGCTTCAAAGAG,0
TGGTAATGATGGCTTCAACATGG,AGATAATGATGGCTTCAACCAAAG,0
TGGTAATGATGGCTTCAACATGG,GGCTAATGATAGCTTCAATAAAG,0
TGGTAATGATGGCTTCAACATGG,AGGTAATGATGACTCCTACAGAG,0
TGGTAATGATGGCTTCAACATGG,CGGAAATGATGGCTTCAAAAGG,0
TGGTAATGATGGCTTCAACATGG,TGGTAAGGATGGCATCAGCAGAG,0
TGGTAATGATGGCTTCAACATGG,GGGTAAGGATGGCCTCATCAGAG,0
TGGTAATGATGGCTTCAACATGG,TGGTGATGATGGCATCATCACAG,0
TGGTAATGATGGCTTCAACATGG,CAGTAATGATGGCTTTCACACAG,0
TGGTAATGATGGCTTCAACATGG,AGGGAAGGATGGCTTCAATACAG,0
TGGTAATGATGGCTTCAACATGG,TGGTAATGATGCTTCAGCAGGG,0
TGGTAATGATGGCTTCAACATGG,GGGTAATTCTGGCTTCATCAAAG,0
TGGTAATGATGGCTTCAACATGG,AGGTAAGGATGGCATCCACATAG,0
TGGTAATGATGGCTTCAACATGG,AGGTATTTATGGCTTCACCATAG,0
TGGTAATGATGGCTTCAACATGG,AGGCAAAGATGGCTTCAGCAGAG,0
TGGTAATGATGGCTTCAACATGG,GGGCAAGGATGGCTTCAGCACAG,0
TGGTAATGATGGCTTCAACATGG,AGGCAATGATGGCTATAACAAAG,0
TGGTAATGATGGCTTCAACATGG,TGATAGTGATGGCTTCACCATAG,0
TGGTAATGATGGCTTCAACATGG,AGATTATGATGGCTTCATCAGAG,0
TGGTAATGATGGCTTCAACATGG,TGGTAATGATGACTTCACAGGG,0
TGGTAATGATGGCTTCAACATGG,GGGTAATGATAGGTTAAACAAAG,0
TGGTAATGATGGCTTCAACATGG,GGGTAATGATTTCTTGAACAAAG,0
TGGTAATGATGGCTTCAACATGG,GGGGAATGATGGGTTAAACAAAG,0
TGGTAATGATGGCTTCAACATGG,TGGTAATGATTGCTTAACATAG,0
TGGTAATGATGGCTTCAACATGG,TGGTAATGATTTCTACAACATAG,0
TGGTAATGATGGCTTCAACATGG,TGATAGTGATGGCTTCCACACAG,0
TGGTAATGATGGCTTCAACATGG,AGGCAATGATGTCTTAAACACAG,0
TGGTAATGATGGCTTCAACATGG,ATGTAATGATGTCTTAAACAAAG,0
TGGTAATGATGGCTTCAACATGG,AGGTCATGATGGCTTCCAACAGGG,0
TGGTAATGATGGCTTCAACATGG,AGGTCATGATGCCTCCAACAAAG,0
TGGTAATGATGGCTTCAACATGG,AGGTCATGATGTCTGCAACACAG,0
TGGTAATGATGGCTTCAACATGG,GGGAAATGCTGGCTTAAACAAAG,0
TGGTAATGATGGCTTCAACATGG,TGGTGGTGATGGCTTTAACATAG,0
TGGTAATGATGGCTTCAACATGG,GGGTACTGATGGACTCAACAAAG,0
TGGTAATGATGGCTTCAACATGG,AGGTACTGAGGGCTGCAACAGAG,0
TGGTAATGATGGCTTCAACATGG,GGCTAATGATGGAATCAACACAG,0
TGGTAATGATGGCTTCAACATGG,TGGTAATGATTGCTCAACACAG,0
TGGTAATGATGGCTTCAACATGG,AGGGAATTATGGCTGCAACACAG,0
TGGTAATGATGGCTTCAACATGG,AGGTAAAGATGCCATCAACACAG,0
TGGTAATGATGGCTTCAACATGG,TACTAATGATGGCTCCAACAGAG,0
TGGTAATGATGGCTTCAACATGG,TGGTAATGCTGGCTCAACAGGG,0
TGGTAATGATGGCTTCAACATGG,CAGTAATGATTGCCTCAACATAG,0
TGGTAATGATGGCTTCAACATGG,GGGTAAGGAAGGATTCAACATAG,0
TGGTAATGATGGCTTCAACATGG,GGGAAATGGTGGCGTCAACACAG,0
TGGTAATGATGGCTTCAACATGG,TGGCAATGAGGGTTTCAACATAG,0
TGGTAATGATGGCTTCAACATGG,AGGGAATGAAGGGTTCAACAAAG,0
TGGTAATGATGGCTTCAACATGG,TAGTAATGAAGGGTTCAACAGAG,0
TGGTAATGATGGCTTCAACATGG,AGGTAGATGATGCCTTCAACACAG,0
TGGTAATGATGGCTTCAACATGG,GGGAAATGTTGGATTCAACAAAG,0
TGGTAATGATGGCTTCAACATGG,GGGAAATTATGGGTTCAACAAAG,0
TGGTAATGATGGCTTCAACATGG,GTGTTATGATGGATTCAACACAG,0
TGGTAATGATGGCTTCAACATGG,AGGTGATGGTGTCTTCAACAGAG,0
TGGTAATGATGGCTTCAACATGG,GGGAAATGGTGACTTCAACAAAG,0
TGGTAATGATGGCTTCAACATGG,TGCTAAGGATGTCTTCAACAAAG,0
TGGTAATGATGGCTTCAACATGG,GGGTAAGAGATGGCTTCAACAGGG,0
TGGTAATGATGGCTTCAACATGG,GGGTAGTTAGGGCTTCAACATAG,0
TGGTAATGATGGCTTCAACATGG,TGGTGATTAGGGCTTCAACATAG,0
TGGTAATGATGGCTTCAACATGG,TGGGAATTAGGGCTTCAACAAAG,0
TGGTAATGATGGCTTCAACATGG,TGGGAATTAGGGCTTCAACATAG,0
TGGTAATGATGGCTTCAACATGG,TGGCACTGAGGGCTTCAACACAG,0
TGGTAATGATGGCTTCAACATGG,TGGGAGTGAGGGCTTCAACATAG,0
TGGTAATGATGGCTTCAACATGG,AGGGAATACTGGCTTCAACATAG,0
TGGTAATGATGGCTTCAACATGG,GGGTAATGCTGGCTTCAATTAGG,0
TGGTAATGATGGCTTCAACATGG,AGGTAATGATGGCTTGGACCAGG,0
TGGTAATGATGGCTTCAACATGG,AGGTAAGGATGGCTTCAAAGCGG,0
TGGTAATGATGGCTTCAACATGG,AGGTACTGATGGCTTCATCTTGG,0
TGGTAATGATGGCTTCAACATGG,AGGTGATGATGGCTTCACCTGGG,0
TGGTAATGATGGCTTCAACATGG,AGGTAATGATGGATTCAGAATGG,0
TGGTAATGATGGCTTCAACATGG,AGGTAATGATAGCTTAAACTTGG,0
TGGTAATGATGGCTTCAACATGG,AGCTAATGATGGCTTGAACTGGG,0
TGGTAATGATGGCTTCAACATGG,AGATAATGATGGCTTGAACTAGG,0
TGGTAATGATGGCTTCAACATGG,TGGTAATGATGGCTGTAGCATGG,0
TGGTAATGATGGCTTCAACATGG,GGGTACTGATGGCTTAAAGAAGG,0
TGGTAATGATGGCTTCAACATGG,AGGTATTGATGGCTACAAGAGGG,0
TGGTAATGATGGCTTCAACATGG,AGTTAATGGTGGCTTCAACTAGG,0
TGGTAATGATGGCTTCAACATGG,AGGTCATGATGGCTTGACCATGG,0
TGGTAATGATGGCTTCAACATGG,GGGTCATGATGGCTTGACCATGG,0
TGGTAATGATGGCTTCAACATGG,GGGTAATGGTGGCTTCAACCAAG,0
TGGTAATGATGGCTTCAACATGG,AGGTAATGATGTCGTCACCAAGG,0
TGGTAATGATGGCTTCAACATGG,TGGTAATGATGGCGATAACAAGG,0
TGGTAATGATGGCTTCAACATGG,AGGTGATGATGGCTTGGACAAGG,0
TGGTAATGATGGCTTCAACATGG,TGGTAATGATGGATGAAACATGG,0
TGGTAATGATGGCTTCAACATGG,GGGTAATGCGGGCTTCAGCAGGG,0
TGGTAATGATGGCTTCAACATGG,GGCTAATGAGGGCTTCAGCAGGG,0
TGGTAATGATGGCTTCAACATGG,GGGTGATGGTGGCTTCACCATGG,0
TGGTAATGATGGCTTCAACATGG,TGGTAAGGATGGATTCCACATGG,0
TGGTAATGATGGCTTCAACATGG,AGGTAATGATGATTTGAACAAGG,0
TGGTAATGATGGCTTCAACATGG,AAGTAATGATGGCATGAACATGG,0
TGGTAATGATGGCTTCAACATGG,AGTTAATGATGGTTTAAACAAGG,0
TGGTAATGATGGCTTCAACATGG,AGGTGGTGATGGCTTCCACAAGG,0
TGGTAATGATGGCTTCAACATGG,CAGTAAGGATGGCTTGAACAAGG,0
TGGTAATGATGGCTTCAACATGG,AGATGATGATGGCTTGAACAAGG,0
TGGTAATGATGGCTTCAACATGG,AGGCAATGAAGGCTCCAACAGGG,0
TGGTAATGATGGCTTCAACATGG,AGATAATGATGACATCAACATGG,0
TGGTAATGATGGCTTCAACATGG,TTGTAATGATGAATTCAACAAGG,0
TGGTAATGATGGCTTCAACATGG,AATTAATGATGGATTCAACAAGG,0
TGGTAATGATGGCTTCAACATGG,AGGCAATGACTGCTTCAACACGG,0
TGGTAATGATGGCTTCAACATGG,AGGTTATGATGGTTTCAACACAG,0
TGGTAATGATGGCTTCAACATGG,TGGAAATTAGGGCTTCAACATGG,0
TGGTAATGATGGCTTCAACATGG,TGGTAATGATGACTTCAACATAG,0
TGGTAATGATGGCTTCAACATGG,TGGGAAGGATGGCTTCAACACAG,0
TGGTAATGATGGCTTCAACATGG,TGGTGAGGATGGCTTCAACACGG,1
TCTGTATCTATATTCATCATAGG,TCTGTATTTATATTTATCCTGGG,0
TCTGTATCTATATTCATCATAGG,ACTGTTTCTATATTTATCGTAGG,0
TCTGTATCTATATTCATCATAGG,GCTGAATCTATATTGATCCTGGG,0
TCTGTATCTATATTCATCATAGG,TCTGCATGTATATTCATCAGTGG,0
TCTGTATCTATATTCATCATAGG,GCTGTATCTTTACTCACCATTGG,0
TCTGTATCTATATTCATCATAGG,GCTGTATTTATATCCAACATGGG,0
TCTGTATCTATATTCATCATAGG,TTTGTGTCTATATTCATAATAGG,0
TCTGTATCTATATTCATCATAGG,ACTGTATCTATATTCATAAGGGG,0
TCTGTATCTATATTCATCATAGG,TCTGTATCTATGTTCATCACAGG,0
TCTGTATCTATATTCATCATAGG,TCTGTATCTATATTCATCAGGG,0
TCTGTATCTATATTCATCATAGG,CCTGTATCTATATTAAACATAGG,0
TCTGTATCTATATTCATCATAGG,CCTGTATCTATTTTCATAATGAG,0
TCTGTATCTATATTCATCATAGG,TCTATATCTATAGTCAGCATTGG,0
TCTGTATCTATATTCATCATAGG,TCTGTATGTATATTCATGATGAG,0
TCTGTATCTATATTCATCATAGG,CCTGTATATATATTCATAATTAG,0
TCTGTATCTATATTCATCATAGG,GCTATATCTATATCCTTCATTGG,0
TCTGTATCTATATTCATCATAGG,TCTGTGTCTATAATCTTCATAGG,0
TCTGTATCTATATTCATCATAGG,CCTATATCCATATTCACCATTGG,0
TCTGTATCTATATTCATCATAGG,ACTGCATCTATGTTCTTCATGGG,0
TCTGTATCTATATTCATCATAGG,CCTTTATCTATATTCACCATGGG,0
TCTGTATCTATATTCATCATAGG,CCTGTGTCTATGTTTATCATAGG,0
TCTGTATCTATATTCATCATAGG,TCTATATTTATATTAATCATAGG,0
TCTGTATCTATATTCATCATAGG,CCTATATCTATCTACATCATAGG,0
TCTGTATCTATATTCATCATAGG,ACTGTATCAATATTGATCATTAG,0
TCTGTATCTATATTCATCATAGG,GGTCTATCTATATTTATCATTGG,0
TCTGTATCTATATTCATCATAGG,ACTGTAACTATTCTCATCATAGG,0
TCTGTATCTATATTCATCATAGG,TCTGTTTATATATCCATCATGGG,0
TCTGTATCTATATTCATCATAGG,TCTTTCTCTATATCCATCATAGG,0
TCTGTATCTATATTCATCATAGG,TCTGCATCTATATACATCATCAG,0
TCTGTATCTATATTCATCATAGG,CCTATCTCTATAATCATCATGGG,0
TCTGTATCTATATTCATCATAGG,TCTATATCTTCATTCATCATGGG,0
TCTGTATCTATATTCATCATAGG,ACTGTAGCAAAATTCATCATTGG,0
TCTGTATCTATATTCATCATAGG,ACTGTGTCCAGATTCATCATAGG,0
TCTGTATCTATATTCATCATAGG,TTTGTGTCTATGTTCATCATGGG,0
TCTGTATCTATATTCATCATAGG,TTTGTGTCTATGTTCATCATAGG,0
TCTGTATCTATATTCATCATAGG,TTTGCATCTATGTTCATCATGGG,0
TCTGTATCTATATTCATCATAGG,TTTGCATCTATGTTCATCATAGG,0
TCTGTATCTATATTCATCATAGG,GCTGCATCATTATTCATCATCGG,0
TCTGTATCTATATTCATCATAGG,ACTGTAAACATATTCATCATAGG,0
TCTGTATCTATATTCATCATAGG,ATTGTTTCTCTATTCATCATTGG,0
TCTGTATCTATATTCATCATAGG,CCTTTATACATATTCATCATTGG,0
TCTGTATCTATATTCATCATAGG,ACAGTATAAATATTCATCATAGG,0
TCTGTATCTATATTCATCATAGG,ACTTGATTTATATTCATCATAGG,0
TCTGTATCTATATTCATCATAGG,CATTTATTTATATTCATCATGGG,0
TCTGTATCTATATTCATCATAGG,TTTATGTCTATATTCATCATGGG,0
TCTGTATCTATATTCATCATAGG,TCTATATCTATATACACCATAGG,1
AACTGAGTCCCAAGGTGGGTGGG,AGCGGAGTCCCGAGGTGTGTGGG,0
AACTGAGTCCCAAGGTGGGTGGG,AAAGGAGCCCCAAGGTAGCTAGG,0
AACTGAGTCCCAAGGTGGGTGGG,ATGTGTTCTAGAAGGTGGGTGGG,0
AACTGAGTCCCAAGGTGGGTGGG,AATGGAGGCCCAGGGTGGGTGGG,0
AACTGAGTCCCAAGGTGGGTGGG,TCCTGAGGCCCAAGGTGGTTGGG,0
AACTGAGTCCCAAGGTGGGTGGG,GGCTGAATCCAAAGGTGGGTGGG,0
AACTGAGTCCCAAGGTGGGTGGG,AACTGAGACCTAAAGTGGGTGGG,0
AACTGAGTCCCAAGGTGGGTGGG,TACTGACTCCCAAAGCCTACCCA,0
AACTGAGTCCCAAGGTGGGTGGG,CAAAAGGTGGGAAGGTGGGTGGG,0
AACTGAGTCCCAAGGTGGGTGGG,CAGTGATTCCCAAGGTGGGTGGG,0
AACTGAGTCCCAAGGTGGGTGGG,AACTGGATCCCAAGGTGGTAGGG,0
AACTGAGTCCCAAGGTGGGTGGG,AATGGGGCCCCAGGGTGGGTGGG,0
AACTGAGTCCCAAGGTGGGTGGG,CCGTGAGCCCCAAGGAGGGTGAG,0
AACTGAGTCCCAAGGTGGGTGGG,AAGTGAGTCCCAAGGTGGAGGCT,0
AACTGAGTCCCAAGGTGGGTGGG,ATCTGAGTCTAAAGGTGGGGTGG,0
AACTGAGTCCCAAGGTGGGTGGG,AAATGAGTCCAAGGTGGTTGGG,0
AACTGAGTCCCAAGGTGGGTGGG,AACTGAGAACCAAGGGTGGGATG,0
AACTGAGTCCCAAGGTGGGTGGG,GATGAAGCCCCAAAGTGGGTGGG,0
AACTGAGTCCCAAGGTGGGTGGG,GGCAGAGTCCCAGGTGGGTGGG,0
AACTGAGTCCCAAGGTGGGTGGG,TCTTGAGTCCCAGTGGGTGGG,0
AACTGAGTCCCAAGGTGGGTGGG,AGCTGAGCCCAAGGGTGAGTAGG,0
AACTGAGTCCCAAGGTGGGTGGG,TGGGGAGTCCCAGGGTGGGTGGG,0
AACTGAGTCCCAAGGTGGGTGGG,AAATGAGTCCCAAGGAGGTGGGA,0
AACTGAGTCCCAAGGTGGGTGGG,CTAGAGTTCCCAAGGTGGGTAGG,0
AACTGAGTCCCAAGGTGGGTGGG,ACCTGTGTCCCAAGGTGGGTCAG,0
AACTGAGTCCCAAGGTGGGTGGG,GCTGGAGAACCAAGGTGGATGGG,0
AACTGAGTCCCAAGGTGGGTGGG,TCCTGAGTCCAGGTGGGTGGG,0
AACTGAGTCCCAAGGTGGGTGGG,AGCTGAGCCCAAGGTGGGTGGG,0
AACTGAGTCCCAAGGTGGGTGGG,AGGTGAGTCCCAAGCTAGGGTAG,0
AACTGAGTCCCAAGGTGGGTGGG,TAATGAGCCCCACGGTGGGTTGG,0
AACTGAGTCCCAAGGTGGGTGGG,AACTGGATGCCAAGGTGGGTGGG,0
AACTGAGTCCCAAGGTGGGTGGG,CCCTGAGACCCAAGGTTGGGTAA,0
AACTGAGTCCCAAGGTGGGTGGG,AGCTGAGGCCCAGGTGGGTAGG,0
AACTGAGTCCCAAGGTGGGTGGG,ACTGGAGTCCCAAGGTAGGTAAG,0
AACTGAGTCCCAAGGTGGGTGGG,AACTGAGACCCAAAGGAGGTAGG,0
AACTGAGTCCCAAGGTGGGTGGG,AATTGAGTCCCAAGGAGGCTGGG,0
AACTGAGTCCCAAGGTGGGTGGG,AACTGAGTCTCAAGATAGGTAGG,0
AACTGAGTCCCAAGGTGGGTGGG,AACTGAGGCCCAAGGGGAGTTGG,0
AACTGAGTCCCAAGGTGGGTGGG,CACTGAGACCCAAGGAGAGTAGG,0
AACTGAGTCCCAAGGTGGGTGGG,CACTGAGCCCAAAGGTGGGTCAG,0
AACTGAGTCCCAAGGTGGGTGGG,AACTGAGTGCCAAGGGTGGGGTG,0
AACTGAGTCCCAAGGTGGGTGGG,AGCTGAGCCCCAATGTGGGTGGG,0
AACTGAGTCCCAAGGTGGGTGGG,TATTGAGCCCCAAGGGGGTTGGC,0
AACTGAGTCCCAAGGTGGGTGGG,TGGTGAGTCCCCAGGTGGGTGGG,0
AACTGAGTCCCAAGGTGGGTGGG,AACTGAGTCCCAAGGTGGGTATT,0
AACTGAGTCCCAAGGTGGGTGGG,AACTGAGCCCCAAGGAGGTTTGG,0
AACTGAGTCCCAAGGTGGGTGGG,CCCTGAGCCCCAAGGGTGGGAGG,0
AACTGAGTCCCAAGGTGGGTGGG,ACCTGAGCCCCAGGGAGGGTCGG,0
AACTGAGTCCCAAGGTGGGTGGG,AACTGGGCCCCAAGGGTGGGAAG,0
AACTGAGTCCCAAGGTGGGTGGG,AGCTGAGCAGCAAGGTGGGTGGG,0
AACTGAGTCCCAAGGTGGGTGGG,CACAGAGTCCCAAGGTGGCGTAG,0
AACTGAGTCCCAAGGTGGGTGGG,ATGTGAGTCCCAAGGTGGGGGGC,0
AACTGAGTCCCAAGGTGGGTGGG,CATGAAGTCCCAAGGTAGGTGGG,0
AACTGAGTCCCAAGGTGGGTGGG,AACAGAGTCCCAAGGTGGTGTAG,0
AACTGAGTCCCAAGGTGGGTGGG,GGCTGGGTCCCAAGGGTGGGGAG,0
AACTGAGTCCCAAGGTGGGTGGG,CCCTAGAGTCCCAGGTGGGTGGG,0
AACTGAGTCCCAAGGTGGGTGGG,ACATTGAGCCCCAGGTGGGTAGG,0
AACTGAGTCCCAAGGTGGGTGGG,ACCTCAGTCCCAAGGTGGGTGGG,0
AACTGAGTCCCAAGGTGGGTGGG,TGCTGAGCCCCCAGGTGGGTTGG,0
AACTGAGTCCCAAGGTGGGTGGG,AACTGAGCTCCAAGGGTGTGTGG,0
AACTGAGTCCCAAGGTGGGTGGG,GACTGAGGCCCAAGGAGGGGTAG,0
AACTGAGTCCCAAGGTGGGTGGG,CCCTGAATCCCAAGATGGGTGAG,0
AACTGAGTCCCAAGGTGGGTGGG,AACTGAACCCCAAGGAGAGTAGG,0
AACTGAGTCCCAAGGTGGGTGGG,GACTGAGGCCCAGGGTGGGTGGG,0
AACTGAGTCCCAAGGTGGGTGGG,GACAGAGTCACAAGGTGGAGTTG,0
AACTGAGTCCCAAGGTGGGTGGG,ACCTGAGACCCAAGGAGGGTGGG,0
AACTGAGTCCCAAGGTGGGTGGG,TTCTGATTCCCAAGGGTGGGTGG,0
AACTGAGTCCCAAGGTGGGTGGG,CCAAGAGTCCCAAGGTTGGGTGG,0
TGAGAAGCCTGGCTGAATTAAGG,GGAAAAGCCCAGCTGAGTTAGGG,0
TGAGAAGCCTGGCTGAATTAAGG,AGAGGAGCCTGGCTGACCTAAGG,0
TGAGAAGCCTGGCTGAATTAAGG,TGAGAAGCCTATGAATTAGGG,0
TGAGAAGCCTGGCTGAATTAAGG,GGAGAAGGGAGGCTGAATTAAGG,0
TGAGAAGCCTGGCTGAATTAAGG,ATTGAAGCCAGGCTGAATTTAGG,0
TGAGAAGCCTGGCTGAATTAAGG,TGAAAAGCATAGCTGAATTTGGG,0
TGAGAAGCCTGGCTGAATTAAGG,AGAGAAGCCTGGCTGGAATAGGG,0
TGAGAAGCCTGGCTGAATTAAGG,AGAGAAGCCTGGCTGAATCTTAG,0
TGAGAAGCCTGGCTGAATTAAGG,AGAGAAGCCTGAATTAAGGGTTT,0
TGAGAAGCCTGGCTGAATTAAGG,CGAGAAGCCTGGCTGGAAAGGCA,0
TGAGAAGCCTGGCTGAATTAAGG,TAAGAACCTTAGCTGAATTAGGG,0
TGAGAAGCCTGGCTGAATTAAGG,TGGGAAGGCTTGTTGAATTAGGG,0
TGAGAAGCCTGGCTGAATTAAGG,TTAGAAGACTGGCTGAATGAAGG,0
TGAGAAGCCTGGCTGAATTAAGG,TAAGAAGCCTGACTGATATGGTT,0
TGAGAAGCCTGGCTGAATTAAGG,TGAAAGACCTAGCTGAATTTGGG,0
TGAGAAGCCTGGCTGAATTAAGG,ACCGAAGCCTGGTTGAATTAGAG,0
TGAGAAGCCTGGCTGAATTAAGG,GGAGAAGCCTAGCTGAATTCCTG,0
TGAGAAGCCTGGCTGAATTAAGG,AGAGAAGCCTGTCTAAATTAGGG,0
TGAGAAGCCTGGCTGAATTAAGG,TGAGGAGCCTGACTGAAGTTTGG,0
TGAGAAGCCTGGCTGAATTAAGG,TGAAAAGCCTGGCTGGAATAAAG,0
TGAGAAGCCTGGCTGAATTAAGG,GAAGAAGTATGGCTGGAATTAGG,0
TGAGAAGCCTGGCTGAATTAAGG,TGAGAATAATGGCTGAATTTGGG,0
TGAGAAGCCTGGCTGAATTAAGG,TGGGAAGCCTGGATGAATTCTGG,0
TGAGAAGCCTGGCTGAATTAAGG,TGAGAAACATGACTGAATGATGG,0
TGAGAAGCCTGGCTGAATTAAGG,AGAGCAGCCTGGCTGAAGTGGGG,0
TGAGAAGCCTGGCTGAATTAAGG,ATTAAGCCCTGGTTGAATTAAGG,0
TGAGAAGCCTGGCTGAATTAAGG,AGAGAATGCTGGCTGAATTGGGG,0
TGAGAAGCCTGGCTGAATTAAGG,ACAGAAGCCTGGCTGAGGTAGGG,0
TGAGAAGCCTGGCTGAATTAAGG,GGAAAAGCATGGCTGAATTTAGG,0
TGAGAAGCCTGGCTGAATTAAGG,AGAGAAGCCGGCCGAATTTTAG,0
TGAGAAGCCTGGCTGAATTAAGG,TGAGAAGGCTGACTGAATTAGGA,0
TGAGAAGCCTGGCTGAATTAAGG,TGGGAAGCCTGGCTGAGTCATGG,0
TGAGAAGCCTGGCTGAATTAAGG,CCAGAAACCTAGCTGAAGTAGGG,0
TGAGAAGCCTGGCTGAATTAAGG,TGTGAAGACTGGCTGAAGTAGGG,0
TGAGAAGCCTGGCTGAATTAAGG,GTAGAAGGCTGACTGAATTATGG,0
TGAGAAGCCTGGCTGAATTAAGG,AGAGAAGCAAGGCTGGATTAGGG,0
TGAGAAGCCTGGCTGAATTAAGG,AGAGAAGTCTGAATGAATTATGG,0
TGAGAAGCCTGGCTGAATTAAGG,TGTAAAGCCTGGTTGAATCAGGG,0
TGAGAAGCCTGGCTGAATTAAGG,AGAGAAGATAAGCTGAATTAGGG,0
TGAGAAGCCTGGCTGAATTAAGG,AGAGAAGCCAGACTGAATCATGG,0
AACTGAGTCCCAAGGTGGGTGGG,ACCTGAGTCCAAGGAGGGTAGG,1
AACTGAGTCCCAAGGTGGGTGGG,TCCTGAGCCCAAGGTGGGTGGG,1
AACTGAGTCCCAAGGTGGGTGGG,AGCTGAGTCCAAGGTGGGTGGG,1
AACTGAGTCCCAAGGTGGGTGGG,ACCTGAGTCCCAAGGTGGTGGGA,1
AACTGAGTCCCAAGGTGGGTGGG,GTCTGAGCCCCAAGGTGGGGAGG,1
AACTGAGTCCCAAGGTGGGTGGG,CTCTGAGCCCCAAGGTGGGTAGA,1
AACTGAGTCCCAAGGTGGGTGGG,AACTGAGTCCCAAGGTGGGTGGG,1
TGAGAAGCCTGGCTGAATTAAGG,ATAGAAGTCTTGCTGAATTAAGG,1
TGAGAAGCCTGGCTGAATTAAGG,TGAAGCCCTGGCTGAATTAGGG,1
TGAGAAGCCTGGCTGAATTAAGG,TGAGAAATATGGCTGAATTAAGG,1
TGAGAAGCCTGGCTGAATTAAGG,TGAGAAGGCTGGCTGAATAATGG,1
TGAGAAGCCTGGCTGAATTAAGG,CTTGAAGCCTGGCTGAATCAAGG,1
TGAGAAGCCTGGCTGAATTAAGG,TGAGAAGCCTGGCTGAATTAAGG,1
TGAGAAGCCTGGCTGAATTAAGG,AGGGAAGCCTGGCTGAATAAAGG,1
GAGAATCAAAATCGGTGAATAGG,TTAAATCAAAATAGGGGAATGGG,0
GAGAATCAAAATCGGTGAATAGG,GAGGGTCCAAACCGGGGAATGGG,0
GAGAATCAAAATCGGTGAATAGG,AAGAAACATAATTGGAAAATTGG,0
GAGAATCAAAATCGGTGAATAGG,AAAAACCAAAATGTGTGACTGGG,0
GAGAATCAAAATCGGTGAATAGG,GAGCATCAAAATCGGTAAAGAGG,0
GAGAATCAAAATCGGTGAATAGG,AAGAATCAATATCATTAAATTGG,0
GAGAATCAAAATCGGTGAATAGG,CAGAATCAGACTCTGCAAATTGG,0
GAGAATCAAAATCGGTGAATAGG,CAGAATCAACATGGGTGAAGAAA,0
GAGAATCAAAATCGGTGAATAGG,GATAATATAAATGTGTGAATTGG,0
GAGAATCAAAATCGGTGAATAGG,GATTATCTAATCCGTTGAATGGG,0
GAGAATCAAAATCGGTGAATAGG,CAGAATAAAGATTGATGAATGGC,0
GAGAATCAAAATCGGTGAATAGG,CAGAAGAAAAATCGATGAATTGG,0
GAGAATCAAAATCGGTGAATAGG,GAGAAAAAAATCAGTGAATGGG,0
GAGAATCAAAATCGGTGAATAGG,GAGAAAAAAAATCAGTGAATTGG,0
GAGAATCAAAATCGGTGAATAGG,GAAAAGCAAAATAGGTGAATGGG,0
GAGAATCAAAATCGGTGAATAGG,TCTTATCAAAATCAGTGAATAGG,0
GAGAATCAAAATCGGTGAATAGG,AAGAGTCGATATCAGAGAATTGG,0
GAGAATCAAAATCGGTGAATAGG,CAGAATCAAATCCTGTGAATACA,0
GAGAATCAAAATCGGTGAATAGG,GAGTATGAAAATCGCTGAATAGG,0
GAGAATCAAAATCGGTGAATAGG,AATAATCTAAATAAGTGAATGAG,0
GAGAATCAAAATCGGTGAATAGG,CAAAATAAATCTCTGTGAATGGG,0
GAGAATCAAAATCGGTGAATAGG,AATAATCAAAATAGGAAAATTGG,0
GAGAATCAAAATCGGTGAATAGG,ATCAATCAAATTCGGTGAATTGG,0
GAGAATCAAAATCGGTGAATAGG,GAGAAGCAAAAACAGAAAAATGG,0
GAGAATCAAAATCGGTGAATAGG,GAGAATTAAAATAGGCTGATATG,0
GAGAATCAAAATCGGTGAATAGG,TTCAACCAAAAACGGTGAATAAG,0
GAGAATCAAAATCGGTGAATAGG,GAACATCAAAGTCGGGGAATAAA,0
GAGAATCAAAATCGGTGAATAGG,AAGAATCAATATCGTGAAAATGG,0
GAGAATCAAAATCGGTGAATAGG,GAGAAGAAAAATCAGTGAATTGG,0
GAGAATCAAAATCGGTGAATAGG,AATAATAAAAATCAATGAATTGG,0
GAGAATCAAAATCGGTGAATAGG,GAGAACAAAATTGGTGATTTGG,0
GAGAATCAAAATCGGTGAATAGG,AAGAATCATTATCGGTAAATTGG,0
GCTGGTACACGGCAGGGTCAGGG,GCAGGACACAGCAGGGTCAGGG,0
GCTGGTACACGGCAGGGTCAGGG,GCTGGTGAATGGCAGGGCCAGGG,0
GCTGGTACACGGCAGGGTCAGGG,GGTGGAGGAAGGCAGGGTTAAGG,0
GCTGGTACACGGCAGGGTCAGGG,CCTGGGACACAGCTGGGTCATGG,0
GCTGGTACACGGCAGGGTCAGGG,GCTGGCCACCGCCAGAGTCAAGG,0
GCTGGTACACGGCAGGGTCAGGG,GCCGGTACACGGCAGGCTCCTGG,0
GCTGGTACACGGCAGGGTCAGGG,CCTGGTACACAGCAGGTGTCCAGG,0
GCTGGTACACGGCAGGGTCAGGG,GCTGGAACACCGCAGGGACTGGG,0
GCTGGTACACGGCAGGGTCAGGG,ACTGGTACACCACAGGGTTGAGG,0
GCTGGTACACGGCAGGGTCAGGG,CCCAGTACAGGGCAGGGCCTGGG,0
GCTGGTACACGGCAGGGTCAGGG,GCTAGCACACAGCACAGTCTGGG,0
GCTGGTACACGGCAGGGTCAGGG,GTTGGTACATGGAAAGTGCATGG,0
GCTGGTACACGGCAGGGTCAGGG,ACAAGCACACGGCAGGGTCAGTG,0
GCTGGTACACGGCAGGGTCAGGG,ACTGGTACATGTCAGGGTCAGAG,0
GCTGGTACACGGCAGGGTCAGGG,ACAGGGACACGTATGGGTCAGGG,0
GCTGGTACACGGCAGGGTCAGGG,TCTGTTACACGGTCAGGTCAGGG,0
GCTGGTACACGGCAGGGTCAGGG,GCTAATACACCGCAGGGACAAGG,0
GCTGGTACACGGCAGGGTCAGGG,TCTGGTACAGGGCAGGGTCAATG,0
GCTGGTACACGGCAGGGTCAGGG,GCTGGTACAGGCAGGGTCAGTG,0
GCTGGTACACGGCAGGGTCAGGG,ACTCATACACGAGAGGGTTATGG,0
GCTGGTACACGGCAGGGTCAGGG,CCAGGCACACAGCAGGTACATGG,0
GCTGGTACACGGCAGGGTCAGGG,GCTCCTACACAGGAGAGTCTCGG,0
GCTGGTACACGGCAGGGTCAGGG,GAGTGTACACAGCAGGTTAAGGG,0
GCTGGTACACGGCAGGGTCAGGG,CCTGCTTCAGGGTAAGGTCAGGG,0
GCTGGTACACGGCAGGGTCAGGG,GGTGGTACAGGCAGGGGCAGGG,0
GCTGGTACACGGCAGGGTCAGGG,GCTGGTGACACTTCAGGGTCAAGG,0
GCTGGTACACGGCAGGGTCAGGG,CCTCGTACACAGCAGAGTCATGG,0
GCTGGTACACGGCAGGGTCAGGG,GATGGTACTCACTAGGGTAATGG,0
GCTGGTACACGGCAGGGTCAGGG,GCTGGACATGGCAGGGACATGG,0
GCTGGTACACGGCAGGGTCAGGG,GCTGGTAGACAGCAGAGTCAGGA,0
GCTGGTACACGGCAGGGTCAGGG,AATGGCAGAAGACAGGGTCAAGG,0
GCTGGTACACGGCAGGGTCAGGG,GCTGGTACAGGCAGGGAGAGGG,0
GCTGGTACACGGCAGGGTCAGGG,GCTGGTAAAGGGCAGGGTCAAGA,0
GCTGGTACACGGCAGGGTCAGGG,CTTGGTACACAGCAGGCTCTGAG,0
GCTGGTACACGGCAGGGTCAGGG,GTGGTTACACGTCAGGGTCCTGG,0
GCTGGTACACGGCAGGGTCAGGG,CCTGGTGCATGGCAGGGTCACAG,0
GCTGGTACACGGCAGGGTCAGGG,GCTGGTAGATGGCAGGGTCAGGA,0
GCTGGTACACGGCAGGGTCAGGG,GCTAGTACAGTCAGGGTCAAGG,0
GCTGGTACACGGCAGGGTCAGGG,GGTGGTACACTGGAGGAGCATGG,0
GCTGGTACACGGCAGGGTCAGGG,GAGGCTACAGGGCAGGGGCTAGG,0
GCTGGTACACGGCAGGGTCAGGG,GCTGGGAAAAGACAGGGTCATGG,0
GCTGGTACACGGCAGGGTCAGGG,GCTGGTGCAGGCAGGGCCAAGG,0
GCTGGTACACGGCAGGGTCAGGG,GAAGAAACATGGCAGAGTCAGGG,0
GCTGGTACACGGCAGGGTCAGGG,GCTGGTACACAGGCAGAGTCTTGG,0
GCTGGTACACGGCAGGGTCAGGG,GATCGACATGGCAGGGTCAGGG,0
GCTGGTACACGGCAGGGTCAGGG,GCTGGAGGACGGCAGGGCCAAGG,0
GCTGGTACACGGCAGGGTCAGGG,GCTGGTACACACCAGGCTCAGGG,0
GCTGGTACACGGCAGGGTCAGGG,ACTGGTACCAGCAGGGTCCAGG,0
GCTGGTACACGGCAGGGTCAGGG,AATGGCACACGGTAGGGGCAAGG,0
GCTGGTACACGGCAGGGTCAGGG,TCTGCTACACGACAGGGCCAGGG,0
GCTGGTACACGGCAGGGTCAGGG,ACTGGTATAAGACAGGGTCAGAG,0
GCTGGTACACGGCAGGGTCAGGG,CCTGGTCAACAGCTGGGTCAGGG,0
GCTGGTACACGGCAGGGTCAGGG,GCTGGGCCACGGCAGGGACAAGG,0
GCTGGTACACGGCAGGGTCAGGG,ACTGGCACACTGCAGAGTCAAGG,0
GCTGGTACACGGCAGGGTCAGGG,GCTGGCACCCAGCAGGGTCAGAG,0
GCTGGTACACGGCAGGGTCAGGG,ATTGGCACACAGCAGGGTCCTGG,0
GTCAGGGTTCTGGATATCTGTGG,GTTAGAGTCCTGTAAATCTGGGG,0
GTCAGGGTTCTGGATATCTGTGG,GTCAGGGAGCTGGAGATCTGGGG,0
GTCAGGGTTCTGGATATCTGTGG,ATCATTTTTCTGAATATCTGTGG,0
GTCAGGGTTCTGGATATCTGTGG,AAAAGGGAACTGGGTATCTGGGG,0
GTCAGGGTTCTGGATATCTGTGG,GGCATGGTGGTGCATACCTGTGG,0
GTCAGGGTTCTGGATATCTGTGG,CTCAAGAACCTGCATATCTGGGG,0
GTCAGGGTTCTGGATATCTGTGG,GTCTGTGTTCTGGATATTTGGGG,0
GTCAGGGTTCTGGATATCTGTGG,GTGTGGGTTCTGGATATTTGTGG,0
GTCAGGGTTCTGGATATCTGTGG,GTCAGGGCATGGCTATCTGAGG,0
GTCAGGGTTCTGGATATCTGTGG,GTGCAGGTCCTGGCCATCTGAGG,0
GTCAGGGTTCTGGATATCTGTGG,GTCAGGGTTCTGGCAAGCTGAGG,0
GTCAGGGTTCTGGATATCTGTGG,GTCGGGTTCAGGATATCTTAGG,0
GTCAGGGTTCTGGATATCTGTGG,GTCAGGGTCTGGATAGGTGAGG,0
GTCAGGGTTCTGGATATCTGTGG,TGCAGGTATCTCGATATCTGGAG,0
GTCAGGGTTCTGGATATCTGTGG,GTCAGAGTTCTGGATTTTGTGG,0
GTCAGGGTTCTGGATATCTGTGG,GTCAAGGTTCTGGTATCTTGAGG,0
GTCAGGGTTCTGGATATCTGTGG,ATCAGGGTGTGGATATCTTTGG,0
GTCAGGGTTCTGGATATCTGTGG,ACGAGGCTTATGGATATCTGGGG,0
GTCAGGGTTCTGGATATCTGTGG,GTCAGTGTTCTAGATACTTGGGG,0
GTCAGGGTTCTGGATATCTGTGG,CTCAGGGTTTGGAAATCTGTGG,0
GTCAGGGTTCTGGATATCTGTGG,CTTACAGTTCTGCATAGCTGGGG,0
GTCAGGGTTCTGGATATCTGTGG,GTCAGGTACTGGATAACTAGGG,0
GTCAGGGTTCTGGATATCTGTGG,TCCAGGTTTCAGGATATCTAGAG,0
GTCAGGGTTCTGGATATCTGTGG,GGCAGGGCCCTGGATATCCCTGG,0
GTCAGGGTTCTGGATATCTGTGG,GCCTTGGTTCTGGATGTCTGTGG,0
GTCAGGGTTCTGGATATCTGTGG,GCCATGGCTCTGGATATGTGCGG,0
GTCAGGGTTCTGGATATCTGTGG,GACAGGGTCTGGATAACTGAGG,0
GTCAGGGTTCTGGATATCTGTGG,GTCTGGGTATGGATATCTGTGG,0
GTCAGGGTTCTGGATATCTGTGG,GTCAGGTAATGGATATCTGCGG,0
GTCAGGGTTCTGGATATCTGTGG,ATCAGGATTCTGGAAATTTGGGG,0
GTCAGGGTTCTGGATATCTGTGG,CACAGGGTGCTGGTTATCCACGG,0
GTCAGGGTTCTGGATATCTGTGG,GCCAGGATTCTAGATGTCTGAGG,0
GTCAGGGTTCTGGATATCTGTGG,GTCAGGGTATGGATATATTTGG,0
GTCAGGGTTCTGGATATCTGTGG,GACAGGGCTCTGGATTTCTATGG,0
GTCAGGGTTCTGGATATCTGTGG,GTATGAATTCTGGATGTCTGTGG,0
GTCAGGGTTCTGGATATCTGTGG,GTCAAGATTCTGGATAATTGTGG,0
GTCAGGGTTCTGGATATCTGTGG,GCTAGGATTCTGGATGTCTGTGG,0
GTCAGGGTTCTGGATATCTGTGG,GACAGGGTCATGTCTATCTGAGC,0
GTCAGGGTTCTGGATATCTGTGG,CTCAGGGTCTTGATATCTGGGG,0
GTCAGGGTTCTGGATATCTGTGG,GTCAGTGGTTCTGCATATCTGAGG,0
GTCAGGGTTCTGGATATCTGTGG,AACAGGCTTCCAGATATCTGAGG,0
GTCAGGGTTCTGGATATCTGTGG,GTCAGGATCTGGATATATTTGG,0
GTCAGGGTTCTGGATATCTGTGG,GTCTGGGCCCTGGATATTTAGGG,0
GTCAGGGTTCTGGATATCTGTGG,TTCAGGGTTTCTGAATACCTGAGG,0
GTCAGGGTTCTGGATATCTGTGG,CTCACCTCACTGGATATCTGTGG,0
GTCAGGGTTCTGGATATCTGTGG,GGCAGGGCCCTGGTCATCTGGGG,0
GTCAGGGTTCTGGATATCTGTGG,TTCAGGGTTGTCTGTATGTGAGG,0
GTCAGGGTTCTGGATATCTGTGG,TTTAGGGCTCCGGATATCTTTGG,0
GTCAGGGTTCTGGATATCTGTGG,GTCAGGGGTGTGGATAGCTGAGG,0
GTCAGGGTTCTGGATATCTGTGG,GAAACCATTCTGTATATCTGTGG,0
GTCAGGGTTCTGGATATCTGTGG,AAAAGGGTACTGGATATCTTGGT,0
GTCAGGGTTCTGGATATCTGTGG,CTCAGGGACCTGGTTATCTGTGA,0
GTCAGGGTTCTGGATATCTGTGG,GCCAGGGTGATGGACATCTGTGG,0
GTCAGGGTTCTGGATATCTGTGG,GCCAGGGTCCTGAATGTCTGTGG,0
GTCAGGGTTCTGGATATCTGTGG,GTCAGGGACTGAATATTTGTGG,0
GTCAGGGTTCTGGATATCTGTGG,GTCAAGGTTCCAGACATCTGAGG,0
GTCAGGGTTCTGGATATCTGTGG,GTCAGGATCTCTGGTTATCTGAGG,0
GTCAGGGTTCTGGATATCTGTGG,GTCAGAATTCAGGATATCTGTGA,0
GTCAGGGTTCTGGATATCTGTGG,GGGTTGGGTCTGGATATGTGTGG,0
GTCAGGGTTCTGGATATCTGTGG,ATCAGGGATTTGAATATCTGAGG,0
GTCAGGGTTCTGGATATCTGTGG,GTCAGGTGCTGGATATGTGTGG,0
GTCAGGGTTCTGGATATCTGTGG,GCCAAGGTTCAGGAAATCTAGGG,0
GTCAGGGTTCTGGATATCTGTGG,AACAGGGTCTGGATATCAGAGG,0
GTCAGGGTTCTGGATATCTGTGG,GTTAGGCCTCCGGATAACTGCGG,0
GTCAGGGTTCTGGATATCTGTGG,TTCAGGGCTCTGGATATCTGTGC,0
GTCAGGGTTCTGGATATCTGTGG,CTCAGGGCTCAGGAGATCTGGGG,0
GTCAGGGTTCTGGATATCTGTGG,TCCAGGGATCTGGATATCAGTGG,0
GTCAGGGTTCTGGATATCTGTGG,GTTAGGCCTCTGGATAACTGCGG,0
GTCAGGGTTCTGGATATCTGTGG,CTGAAGGTTCTGGATACCTGGGG,0
GTCAGGGTTCTGGATATCTGTGG,ATCAGGGTTTTGGATAACTTAGG,0
GTCAGGGTTCTGGATATCTGTGG,GGTAGGGTTCTAGAAATCTGTGG,0
GTCAGGGTTCTGGATATCTGTGG,GCCAGGCTCCTGGATATCAGTGG,0
GTCAGGGTTCTGGATATCTGTGG,GTCAGCCTCTGGATATCTGTGG,0
GTCAGGGTTCTGGATATCTGTGG,GTCAGGCCTCCGGATAACTGCGG,0
GTCAGGGTTCTGGATATCTGTGG,ATGCAGCTTCTGGATATCTGGGA,0
GTCAGGGTTCTGGATATCTGTGG,GACAGGCCTCTGGATAACTGCGG,0
GTCAGGGTTCTGGATATCTGTGG,GTCAGGATCTGGATATATATGG,0
GTCAGGGTTCTGGATATCTGTGG,CGCAAGGTCCTGGATATATGGGG,0
GTCAGGGTTCTGGATATCTGTGG,GCCAGGAGTCAGGATATCTGGGG,0
GTCAGGGTTCTGGATATCTGTGG,GTAGAGGTCCAGGATATCCGGGG,0
GTCAGGGTTCTGGATATCTGTGG,CTGAGGGTTCTGGATATCTGAAG,0
GTCAGGGTTCTGGATATCTGTGG,CAATAGGTTCTGGATATCTGTGG,0
GTCAGGGTTCTGGATATCTGTGG,GTGGGGGCACTGGATATCTGTGG,0
GTCAGGGTTCTGGATATCTGTGG,GATCAGGATCTGGATATCTGTGG,0
GTCAGGGTTCTGGATATCTGTGG,GCCAAAGTTCTAGATATCTGGGG,0
GTCAGGGTTCTGGATATCTGTGG,GCCAAGGCACTGGATAGCTGAGG,0
GTCAGGGTTCTGGATATCTGTGG,GACAGGGTTCTGAAAATCTGGGG,0
GAAGGCTGAGATCCTGGAGGGGG,GAAGGCTGAGATGGTGGAGGGGG,0
GAAGGCTGAGATCCTGGAGGGGG,GATGGGTGAGAACCTGAAGGTGG,0
GAAGGCTGAGATCCTGGAGGGGG,GGAGGCTGAGGCCCTGGAGGCAG,0
GAAGGCTGAGATCCTGGAGGGGG,GGAGGCTGAGACCTGGGAGGCGG,0
GAAGGCTGAGATCCTGGAGGGGG,GAAGGCTGAGATCCAAGTGGGGG,0
GAAGGCTGAGATCCTGGAGGGGG,GAAAGCGAGATCCTAGAGGGGG,0
GAAGGCTGAGATCCTGGAGGGGG,GAAAACTGAGAACCTTGAGGGGG,0
GAAGGCTGAGATCCTGGAGGGGG,GAAGGCTGAGAGTTGGAGGGGG,0
GAAGGCTGAGATCCTGGAGGGGG,GATGGCTGTCATCCTGGTGGTGG,0
GAAGGCTGAGATCCTGGAGGGGG,GACTGCTGACATCCTGGAGAGGG,0
GAAGGCTGAGATCCTGGAGGGGG,GGATGCTGAGATCCAGGAGCGGG,0
GAAGGCTGAGATCCTGGAGGGGG,GGAGTCTGAGAAACTGGAGGAGG,0
GAAGGCTGAGATCCTGGAGGGGG,GGAGGCTGAGTCCAGGAGGCGG,0
GAAGGCTGAGATCCTGGAGGGGG,GGAAGCTGAGATCCAGCAGGAGG,0
GAAGGCTGAGATCCTGGAGGGGG,CAAGGCTGAACATCTTGGAGGGGG,0
GAAGGCTGAGATCCTGGAGGGGG,GAAAGCTGAGATCTGGAGAAGG,0
GAAGGCTGAGATCCTGGAGGGGG,AAAGGCTCAGATCCCAGAGGAGG,0
GAAGGCTGAGATCCTGGAGGGGG,GAAGGCTGTGATCATGGAGGATG,0
GAAGGCTGAGATCCTGGAGGGGG,GAAAACTGAGATCAGGGAGGGGG,0
GAAGGCTGAGATCCTGGAGGGGG,GACCTCTGAGATCCTGCAGGTGG,0
GAAGGCTGAGATCCTGGAGGGGG,GAATGCTCAGATCCTTGGAGGAGG,0
GAAGGCTGAGATCCTGGAGGGGG,GAATGCTGGAATCCTGAAGGAGG,0
GAAGGCTGAGATCCTGGAGGGGG,TAAGGATGACATCCTGGAGGTGA,0
GAAGGCTGAGATCCTGGAGGGGG,GGAGGCTGAGACCTGGGAGGTGG,0
GAAGGCTGAGATCCTGGAGGGGG,GAAGGCTGAGATCAGAAGGAGG,0
GAAGGCTGAGATCCTGGAGGGGG,GAAGGCAGAGAGACTGGAGGAGG,0
GAAGGCTGAGATCCTGGAGGGGG,GAGGGCTCAGATACCTGGAGGTGG,0
GAAGGCTGAGATCCTGGAGGGGG,TACGGCGGAGATCCTGGAGCTGG,0
GAAGGCTGAGATCCTGGAGGGGG,CAAGACAGAGATGCTGGAGGGGG,0
GAAGGCTGAGATCCTGGAGGGGG,GTTGGCTGACATCCTGAAGGGGG,0
GAAGGCTGAGATCCTGGAGGGGG,AGAGGCTGGGGACCAGGAGGAGG,0
GAAGGCTGAGATCCTGGAGGGGG,GAAGGATGAGTTCTGGAGGAGG,0
GAAGGCTGAGATCCTGGAGGGGG,GAAGGCTGAACCCGGGAGGTGG,0
GAAGGCTGAGATCCTGGAGGGGG,GATAGCTGAGCTCCTGGAGGGTG,0
GAAGGCTGAGATCCTGGAGGGGG,GAAGACTGTGACCCTGGAGGGTG,0
GAAGGCTGAGATCCTGGAGGGGG,AAAGGCTGAGATCCTGAGGTGG,0
GAAGGCTGAGATCCTGGAGGGGG,GAAAGGTGAGACCCAGGAGGAGA,0
GAAGGCTGAGATCCTGGAGGGGG,GACGGGGGAGATCCTGGAGGAGG,0
GAAGGCTGAGATCCTGGAGGGGG,GCAGACCAAGATCCTGGAGGAGG,0
GAAGGCTGAGATCCTGGAGGGGG,CTTGGCTGACATCCAGGAGGTGA,0
GAAGGCTGAGATCCTGGAGGGGG,GAATGCTGAGAGCCTTGAGGGGG,0
GAAGGCTGAGATCCTGGAGGGGG,GAAAGCTGGACCCTGGAGGTAG,0
GAAGGCTGAGATCCTGGAGGGGG,CAAGCCTTAGACCCTGGAGGAGG,0
GAAGGCTGAGATCCTGGAGGGGG,GAAGGCGAGATCCAGGCGGGGG,0
GAAGGCTGAGATCCTGGAGGGGG,GAATGCTGAGATCCTGGTGTGGG,0
GAAGGCTGAGATCCTGGAGGGGG,GAGGACTGAGATACTGAAGGTGG,0
GAAGGCTGAGATCCTGGAGGGGG,GTAGGCTAATATCCTGGAAGAGG,0
GAAGGCTGAGATCCTGGAGGGGG,CATGGCTGAGAACCTAGGAGGAGG,0
GAAGGCTGAGATCCTGGAGGGGG,TGGAGCTTAGATCGTGGAGGTGG,0
GAAGGCTGAGATCCTGGAGGGGG,GGCGCCAGAGGTCCTGCAGGTGG,0
GAAGGCTGAGATCCTGGAGGGGG,GATGGCTGGGTCCTGGAGGAGG,0
GAAGGCTGAGATCCTGGAGGGGG,AAAGGTAGGGATCCTGGAAGGGG,0
GAAGGCTGAGATCCTGGAGGGGG,GAAGGCTGGGTTCCTGGAGGCAG,0
GAAGGCTGAGATCCTGGAGGGGG,AAAGGATGAGAATCTGGAGGAGG,0
GAAGGCTGAGATCCTGGAGGGGG,CAGGGCTGAGATCCTGAGAGGTGG,0
GAAGGCTGAGATCCTGGAGGGGG,GAAGGCTGAAATTCAGGAGGTGG,0
GAAGGCTGAGATCCTGGAGGGGG,TAAGGATGAAATCCTGAAGTGAG,0
GAAGGCTGAGATCCTGGAGGGGG,GTCTGCTCAGAACCTGAAGGAGG,0
GAAGGCTGAGATCCTGGAGGGGG,GAAGGCTGGATGCTGGAGGCAG,0
GAAGGCTGAGATCCTGGAGGGGG,GAAAGCTAGATCCTGGAGGCTG,0
GAAGGCTGAGATCCTGGAGGGGG,GGAGACAGAGACCCGGGAGTCGG,0
GAAGGCTGAGATCCTGGAGGGGG,GAAAGCTGAATCTTGGAGGTGG,0
GAAGGCTGAGATCCTGGAGGGGG,GAAGTCTGTGTCCTGGAGGGGG,0
GAAGGCTGAGATCCTGGAGGGGG,GAAGGCTGAACCCCGGAGGTGG,0
GAAGGCTGAGATCCTGGAGGGGG,GAACACTGAGATCCAGGAGGGAG,0
GAAGGCTGAGATCCTGGAGGGGG,GAGGGCTGAGGATCCTAGAGGAGA,0
GAAGGCTGAGATCCTGGAGGGGG,GAAGGCAGAGATACTGCAGGAGG,0
GAAGGCTGAGATCCTGGAGGGGG,GAATGCAGAGTTCCTGGAGGAGG,0
GAAGGCTGAGATCCTGGAGGGGG,ACAGGCTGAAACCCTGGAGCAGG,0
GAAGGCTGAGATCCTGGAGGGGG,CAAGGCTGGACTCTGGAGGTGG,0
GAAGGCTGAGATCCTGGAGGGGG,TAAGGCACAGATCCTGGAGCCGG,0
GAAGGCTGAGATCCTGGAGGGGG,AAAATCTGAGATCCTGGATGAGG,0
GAAGGCTGAGATCCTGGAGGGGG,GAAGTCTGGCTCCTGGAGGAGG,0
GAAGGCTGAGATCCTGGAGGGGG,GAAGGCTGCGAGCCAGGAGGAGG,0
GAAGGCTGAGATCCTGGAGGGGG,GTATGCTGAGAACCTGGAGCAGG,0
GAAGGCTGAGATCCTGGAGGGGG,GAAGTCTGAGATCAAGGAGTGGG,0
GAAGGCTGAGATCCTGGAGGGGG,GAGGCCTGAGAACCTGGTGGGGG,0
GAAGGCTGAGATCCTGGAGGGGG,CTGGGCTCAGATCCTGGAGGGCT,0
GAAGGCTGAGATCCTGGAGGGGG,GGAGGCTGAGTCCGGGAGGTGG,0
GAAGGCTGAGATCCTGGAGGGGG,GGGGGCTAAGATTCTGGAGGTGG,0
GAAGGCTGAGATCCTGGAGGGGG,GAAGGGGAGAACCTGGAGGAGG,0
GAAGGCTGAGATCCTGGAGGGGG,GAAGTGTGAGTACCTGGAGGGGG,0
GAAGGCTGAGATCCTGGAGGGGG,GAAAGCTGAATTCTGGAGGTGG,0
GAAGGCTGAGATCCTGGAGGGGG,CAGGGAAGACTTCCTGGAGGAGG,0
GAAGGCTGAGATCCTGGAGGGGG,GAAGACTGAGATCCCTGAGGAGG,0
GAAGGCTGAGATCCTGGAGGGGG,TAGAGAAAAGATCCTGGAGGAGG,0
GAAGGCTGAGATCCTGGAGGGGG,GAAGGCTGAGATCTGAAGGAGG,0
GAAGGCTGAGATCCTGGAGGGGG,GAAGCCTAAGACCTTGGAGGAGG,0
GAAGGCTGAGATCCTGGAGGGGG,GATGACTGGATCCTGGAGGCAG,0
GAAGGCTGAGATCCTGGAGGGGG,GGTCACTGAGATCCTGGAGGTGG,0
GAAGGCTGAGATCCTGGAGGGGG,TTAGGCTGAGTCCTGGAGGCGG,0
GAAGGCTGAGATCCTGGAGGGGG,GAAGTCAGAGATCATAGAGGAGG,0
GAAGGCTGAGATCCTGGAGGGGG,AAAGGCCGAGAGACTGGAGGAGG,0
GAAGGCTGAGATCCTGGAGGGGG,GGAGGCTGAGGCCCAGGAGGAGG,0
GAAGGCTGAGATCCTGGAGGGGG,GAAGGCTGAGTACCTGTAGGAGG,0
GAAGGCTGAGATCCTGGAGGGGG,GGAGCCTGAGATCCAGGAGTGGG,0
GAAGGCTGAGATCCTGGAGGGGG,GAAGGCGGAAGCCTGGAGGAGG,0
GAAGGCTGAGATCCTGGAGGGGG,AAATGCAAAGATCTTGGAGGAGG,0
GAAGGCTGAGATCCTGGAGGGGG,GAAAACTGGATCCTGGAGGAGG,0
GAAGGCTGAGATCCTGGAGGGGG,GAAGGCTGGATCCTGTCGGAGG,0
GAAGGCTGAGATCCTGGAGGGGG,AAAGGCTGTACTCCTGGAGCAGG,0
GAAGGCTGAGATCCTGGAGGGGG,AAGGGCTGAGCTCCTGCAGGAGG,0
GAAGGCTGAGATCCTGGAGGGGG,GGAGGCTGAGTCCAGGAGGTGG,0
GAAGGCTGAGATCCTGGAGGGGG,GATTTCTGAGATCCTGGAGTTGG,0
GAAGGCTGAGATCCTGGAGGGGG,GAAGTCTGAGATCAAGGAGTTGG,0
GAAGGCTGAGATCCTGGAGGGGG,AGAGCCTGAAATCTTGGAGGTGG,0
GAAGGCTGAGATCCTGGAGGGGG,AAAGGCTGAGCCCCTGGAGTGGG,0
GAAGGCTGAGATCCTGGAGGGGG,GAATCCTGAGATCCTGTAGTAGG,0
GAAGGCTGAGATCCTGGAGGGGG,GAAAGCTGTGATCCTGGAAGTGG,0
GAAGGCTGAGATCCTGGAGGGGG,GAGGGATGAGGTCCTGGATGTGG,0
GAAGGCTGAGATCCTGGAGGGGG,GATTAATGAGACCATGGAGGGGG,0
GAAGGCTGAGATCCTGGAGGGGG,GGAGGCTGAGATGCAGGAGGAGG,0
GAAGGCTGAGATCCTGGAGGGGG,AAAGGCTGAAATCCTGGAGGAAA,0
GAAGGCTGAGATCCTGGAGGGGG,GAAGGCTGAGATCTGGAGAAGG,0
GAAGGCTGAGATCCTGGAGGGGG,GAAGGCAGATGAACCTGGAGGTGG,0
GAAGGCTGAGATCCTGGAGGGGG,GAAGTCTGAGATCAAGGAGTCGG,0
GAAGGCTGAGATCCTGGAGGGGG,GAAGGGTGAGACCTGGAGGAGA,0
GAAGGCTGAGATCCTGGAGGGGG,GAGGACTGAGAACCTGGGGGTGG,0
GAAGGCTGAGATCCTGGAGGGGG,GAAGGCAGAGATGCAGGAGGTGG,0
GAAGGCTGAGATCCTGGAGGGGG,GAAGATTGGATCATGGAGGTGG,0
GAAGGCTGAGATCCTGGAGGGGG,GAAGGATGAAAATCCTAGAGGTGG,0
GAAGGCTGAGATCCTGGAGGGGG,GAAGGGTGAGAACCTGAGAGGAGG,0
GAAGGCTGAGATCCTGGAGGGGG,GAAGGCCTTGATCCAGGAGGTGG,0
GAAGGCTGAGATCCTGGAGGGGG,GAAGGAAGAGAATCTGGAGGAGG,0
GAAGGCTGAGATCCTGGAGGGGG,GAAGGCTGGAGCCTGGAGTGAG,0
GAAGGCTGAGATCCTGGAGGGGG,GAAGGCTGTTGAGCCTGGAGGAGG,0
GAAGGCTGAGATCCTGGAGGGGG,GTAGACTGAAATCCTGGAGGTGA,0
GAAGGCTGAGATCCTGGAGGGGG,GAAGCCAGAGATCCCAGAGGAAG,0
GAAGGCTGAGATCCTGGAGGGGG,GAAGGCTGGAGCCCTGGAGGTGG,0
GAAGGCTGAGATCCTGGAGGGGG,GAAGGCAGAGTCCAGGAGGCGG,0
GAAGGCTGAGATCCTGGAGGGGG,GAAAGCTGGAATACTGGAGGAGG,0
GAAGGCTGAGATCCTGGAGGGGG,GCTGGCTGACATCCAGGAGGTGG,0
GAAGGCTGAGATCCTGGAGGGGG,GAAGGCTCAGAGTCCTGGAGGCAG,0
GAAGGCTGAGATCCTGGAGGGGG,GAAGGCTAGATCCTGGAGGATG,0
GAAGGCTGAGATCCTGGAGGGGG,GAGGGCTGGGATCCTAGAGATGG,0
GAAGGCTGAGATCCTGGAGGGGG,GCTGTCTGAGATCCTGGAGGGGA,0
GAAGGCTGAGATCCTGGAGGGGG,CAAGGAGGAATTCCTGGAGGAGG,0
GAAGGCTGAGATCCTGGAGGGGG,GAAGGCGAGAACCTGGAAGGGG,0
GAAGGCTGAGATCCTGGAGGGGG,GAAGGCTGAATCCTGGGTGTGG,0
GAAGGCTGAGATCCTGGAGGGGG,GAAGGCTGAGACCCTGGAGGCCG,0
GAAGGCTGAGATCCTGGAGGGGG,GGAAGCTGAGATTCTGCAGGTGG,0
GAAGGCTGAGATCCTGGAGGGGG,GAAGGCTGGATCCTGAAGCAGG,0
GAAGGCTGAGATCCTGGAGGGGG,AAGGGCTGAGATCCTAGAGGTAG,0
GAAGGCTGAGATCCTGGAGGGGG,TCAGGCTGTGATCCTGGAGTTGG,0
GAAGGCTGAGATCCTGGAGGGGG,GAAGGCTGTTGAACCTGGAGATGG,0
GAAGGCTGAGATCCTGGAGGGGG,GCAGGGCCAGATCCTGGAGAGGG,0
GAAGGCTGAGATCCTGGAGGGGG,CCAGGCTGACTCCCTGGAGGTGG,0
GAAGGCTGAGATCCTGGAGGGGG,GCACGCTGAGAACCTGGAGGGGA,0
GAAGGCTGAGATCCTGGAGGGGG,CAAGGCTGTGCTCCTGGAGGTAG,0
GAAGGCTGAGATCCTGGAGGGGG,GAAGACTGAGTTCCTGGAGGGGA,0
GAAGGCTGAGATCCTGGAGGGGG,GCAGGCAGAGACCCTGGAGGGGC,0
GAAGGCTGAGATCCTGGAGGGGG,GAAGACATGAGACCCCGGAGGCGG,0
GAAGGCTGAGATCCTGGAGGGGG,GAAGCCTGGTTCCTGGAGGAGG,0
GAAGGCTGAGATCCTGGAGGGGG,GAAGGATGGAGACCCTGGAGTAGG,0
GAAGGCTGAGATCCTGGAGGGGG,GAAGGCAGACTTCCTGGAGGAGG,0
GAAGGCTGAGATCCTGGAGGGGG,GAAAGCAGAAATCCTGGAAGGGG,0
GAAGGCTGAGATCCTGGAGGGGG,CCTGGCTGGGATCCTGGAGTGGG,0
GAAGGCTGAGATCCTGGAGGGGG,TATCACGGAGATCCTGGTGGTGG,0
GAAGGCTGAGATCCTGGAGGGGG,GAAGGCTGGAAGCTGGAGGCGG,0
GAAGGCTGAGATCCTGGAGGGGG,GGAGACTGAGGTCCTGGAGGTGA,0
GAAGGCTGAGATCCTGGAGGGGG,GAAAGCTGAGTTCGCTGGAGGAGG,0
GAAGGCTGAGATCCTGGAGGGGG,GACGGCTGAGTTCCTGGGGGAGG,0
GAAGGCTGAGATCCTGGAGGGGG,AAAGAGTGAGAACCTGGAGAGGG,0
GAAGGCTGAGATCCTGGAGGGGG,GAAGGCCAGACCCTGGAAGAGG,0
GAAGGCTGAGATCCTGGAGGGGG,GAATGCTTAAACCCTGGAGGCGG,0
GAAGGCTGAGATCCTGGAGGGGG,GATGGCTGAGTTCCTGAAGAGGG,0
GAAGGCTGAGATCCTGGAGGGGG,CCAGGCTGAGACCATGGAGGAGG,0
GAAGGCTGAGATCCTGGAGGGGG,GAGAGATGAGATCCTTTAGGCGG,0
GAAGGCTGAGATCCTGGAGGGGG,AAGGGCAGAGACCCTGGAAGTGG,0
GAAGGCTGAGATCCTGGAGGGGG,GAAGGCTCAAATCCTGCAGGAGG,0
GAAGGCTGAGATCCTGGAGGGGG,GAAGGGTGAGGTCCTGGAGGAAG,0
GAAGGCTGAGATCCTGGAGGGGG,GAAGGTAAAGATCCAGGAGGGAG,0
GAAGGCTGAGATCCTGGAGGGGG,GACGGCTGAGACCCATGGAGGTGG,0
GAAGGCTGAGATCCTGGAGGGGG,GGAGGCTGGGACCTTGGAGGGGG,0
GAAGGCTGAGATCCTGGAGGGGG,ACAGTCTGAGATCCTGGAGAAGG,0
GAAGGCTGAGATCCTGGAGGGGG,GAAGGCAGAGGTCCTGGAGGCAG,0
GAAGGCTGAGATCCTGGAGGGGG,GCAGGCTGCTATCCTGGAGGAGG,0
GAAGGCTGAGATCCTGGAGGGGG,GAAGCCTGAGGTCCTGGAGAGAG,0
GAAGGCTGAGATCCTGGAGGGGG,GATGTCTGAGACCCTGGGGGAGG,0
GAAGGCTGAGATCCTGGAGGGGG,TAAGGCTGAGAACCCTGGAAGCGG,0
GAAGGCTGAGATCCTGGAGGGGG,GAAAGCTGAGAGCCTGGAGCGGG,0
GAAGGCTGAGATCCTGGAGGGGG,GAAAGCTGAGATCCAGGAGGGGA,0
GAAGGCTGAGATCCTGGAGGGGG,CAAGGAAGAGATCCAGGAGGAGG,0
GAAGGCTGAGATCCTGGAGGGGG,GAGGGCTGAGTCTCTGGAGGAGG,0
GAAGGCTGAGATCCTGGAGGGGG,GAAGGCAGAGTCCCTGGAGGGGA,0
GAAGGCTGAGATCCTGGAGGGGG,CAAGAGAGAGACCCTGGAGGAGG,0
GAAGGCTGAGATCCTGGAGGGGG,CTAGGATGAGATCATGGAGGAGG,0
GAAGGCTGAGATCCTGGAGGGGG,GATGGCAGAGAACCTGGAGGTGA,0
GAAGGCTGAGATCCTGGAGGGGG,GAAGACAGAGACACTGGAGGAGG,0
GAAGGCTGAGATCCTGGAGGGGG,AAAAGCTGAGATCCAGGAGGAGA,0
GAAGGCTGAGATCCTGGAGGGGG,GGAGGCTGAGGCCCAGGAGGTGG,0
GAAGGCTGAGATCCTGGAGGGGG,GAATGCTGAGATGCTGGAGGAGG,0
GAAGGCTGAGATCCTGGAGGGGG,AAGGTATGAGAACCTGGAGGAGG,0
GAAGGCTGAGATCCTGGAGGGGG,GAAGGAAGGCATCCTGGAGGAGG,0
GAAGGCTGAGATCCTGGAGGGGG,CAAAACTGAGATCCTGGAGGGAG,0
GAAGGCTGAGATCCTGGAGGGGG,AATGGCTGACGTCCTGGAGGGGG,0
GAAGGCTGAGATCCTGGAGGGGG,GAAGAGAGAGACTCTGGAGGTGG,0
GAAGGCTGAGATCCTGGAGGGGG,AAAGGCCAAGATCCTGGAGAGGA,0
GAAGGCTGAGATCCTGGAGGGGG,GGTGGCTGAGATTCTGGAGAAGG,0
GAAGGCTGAGATCCTGGAGGGGG,GAAGGCTGAAGTCCCTGGAGGAGG,0
GAAGGCTGAGATCCTGGAGGGGG,AAAGAGAGAGACCCAGGAGGAGG,0
GAAGGCTGAGATCCTGGAGGGGG,GAATGCTGAGACCCTGCAGGTGG,0
GAAGGCTGAGATCCTGGAGGGGG,GAAGGTTTGAATCCTGGAGGTGG,0
GAAGGCTGAGATCCTGGAGGGGG,GAAGCCCGAGACCCTGGAGCTGG,0
GAAGGCTGAGATCCTGGAGGGGG,AAAAGCTTAGAGTCTGGAGCTGG,0
GAAGGCTGAGATCCTGGAGGGGG,GGAGGGTGAGATCCTGAAGGGAG,0
GAAGGCTGAGATCCTGGAGGGGG,GAAGGCTGAGATCCTGGAGGAGC,0
GAAGGCTGAGATCCTGGAGGGGG,GAAGTCTGAGATCCAGGAATCGG,0
GAAGGCTGAGATCCTGGAGGGGG,AAAGCCAGAGACCCTGGAGGAAG,0
GAAGGCTGAGATCCTGGAGGGGG,AAAGGCCAAGATCCTGAAGAGAG,0
GAAGGCTGAGATCCTGGAGGGGG,TTAGGCAGAGACCCTGGAGCTGG,0
GAAGGCTGAGATCCTGGAGGGGG,CAAGGCTGAGGGCCTGGAGGAGG,0
GAAGGCTGAGATCCTGGAGGGGG,AGGCACTGAGACCCTGGAGGTGG,0
GAAGGCTGAGATCCTGGAGGGGG,AGAGACTGAGATACTGGAGGTGG,0
GAAGGCTGAGATCCTGGAGGGGG,TGAGACAGAGACCCTGGAGGAGG,0
GAAGGCTGAGATCCTGGAGGGGG,AAGGCCTGAGAACCTGGAGGGAG,0
GAAGGCTGAGATCCTGGAGGGGG,CAAGCCCAAGATCCTGGAGGAGG,0
GAAGGCTGAGATCCTGGAGGGGG,TATGGCTAAGATTCTGGAGGAGG,0
GAAGGCTGAGATCCTGGAGGGGG,AAAGGCTGAAGCCCTGGAGGAGG,0
GAAGGCTGAGATCCTGGAGGGGG,GGAGGCTGGGATCCTGCAGGAGG,0
GAAGGCTGAGATCCTGGAGGGGG,GACTGCTGAGATCCTGGAGGGAG,0
GAAGGCTGAGATCCTGGAGGGGG,CAGGGGAGAGATCCTGGAGGAGG,0
GAAGGCTGAGATCCTGGAGGGGG,TGAGGATGGGATCCTGGAGGTGG,0
GAAGGCTGAGATCCTGGAGGGGG,AGAGGCTGAAACTCTGGAGGAGG,0
GAAGGCTGAGATCCTGGAGGGGG,GAAGGAGGAGATCCCGGAGGAGG,0
GAAGGCTGAGATCCTGGAGGGGG,AAAGTGTGAGAACCTGGAGGGGG,0
GGACTGAGGGCCATGGACACGGG,GGACAGAGGGACAAGGACACAGG,0
GGACTGAGGGCCATGGACACGGG,GGACTGAGGGCAGGGACACTGG,0
GGACTGAGGGCCATGGACACGGG,GGGCTGAGGTGCCCTGGACACTGG,0
GGACTGAGGGCCATGGACACGGG,TCTCTGAGGGCCCAGGACCCAGG,0
GGACTGAGGGCCATGGACACGGG,GGAAGGAGGGCCTGGGACCCGGG,0
GGACTGAGGGCCATGGACACGGG,GGACTGGGGCCACGGAAACAGG,0
GGACTGAGGGCCATGGACACGGG,CAACTGAGGGCCAGGGACCCAGG,0
GGACTGAGGGCCATGGACACGGG,AGAATGAGGTGCCCTGGACACGGG,0
GGACTGAGGGCCATGGACACGGG,GGCCTGAGGCCCATGGCCACTGG,0
GGACTGAGGGCCATGGACACGGG,AGACTTAAGGCCATGGACAGTGG,0
GGACTGAGGGCCATGGACACGGG,GGACAGAGGGCCTTGGACAGAGG,0
GGACTGAGGGCCATGGACACGGG,GGCCTGAGGGCCATGGAACAGG,0
GGACTGAGGGCCATGGACACGGG,GGGTTGAGGGCCCTGTACACAGG,0
GGACTGAGGGCCATGGACACGGG,CCACTGAGGGCCGAGGACACTGG,0
GGACTGAGGGCCATGGACACGGG,AACCTGAGGGGCCTGGACACCGC,0
GGACTGAGGGCCATGGACACGGG,GGACTGAGGCGCCCTGGAGACAGG,0
GGACTGAGGGCCATGGACACGGG,GGAATAAGGTACGTGGACACCGG,0
GGACTGAGGGCCATGGACACGGG,GGACTGACAGCCATGGAGACGGG,0
GGACTGAGGGCCATGGACACGGG,GGACTGAGAGATCATGGAAACTGG,0
GGACTGAGGGCCATGGACACGGG,GGAATGAGGGAATGGACACTGG,0
GGACTGAGGGCCATGGACACGGG,TGGCTGAGGGACATGGGCACAGG,0
GGACTGAGGGCCATGGACACGGG,AGAATGAGGTACATGGACAAACG,0
GGACTGAGGGCCATGGACACGGG,GCACTGGAGGGCCCAGGACACTGG,0
GGACTGAGGGCCATGGACACGGG,TGTCTGAGGCCCATAGACAAGAG,0
GGACTGAGGGCCATGGACACGGG,GGCCTGAGGCCCTTGGACACTGG,0
GGACTGAGGGCCATGGACACGGG,AGACGGAAGGCCATGGGACACAGG,0
GGACTGAGGGCCATGGACACGGG,GCACTGAAGGCCTTGGACATTGG,0
GGACTGAGGGCCATGGACACGGG,AGTCTGAGGGACCATGGACCCAGG,0
GGACTGAGGGCCATGGACACGGG,AAACTGAGGCTCATGGACACCGA,0
GGACTGAGGGCCATGGACACGGG,CACCTGAGGCCCATGGGCACAGG,0
GGACTGAGGGCCATGGACACGGG,GGACTTAGAGTCATGGACACAGA,0
GGACTGAGGGCCATGGACACGGG,GGGCTGAAGCCACATGGACACAGG,0
GGACTGAGGGCCATGGACACGGG,TTACTGAGGGAGATGGACACAGG,0
GGACTGAGGGCCATGGACACGGG,GGTATGAAGGACATGGACACAGG,0
GGACTGAGGGCCATGGACACGGG,GGACTGGGGCCGTGGACATTGG,0
GGACTGAGGGCCATGGACACGGG,GAACTAAGGGCCTAGGACACAGG,0
GGACTGAGGGCCATGGACACGGG,GAAAAGAGGGCTGTGGACACAGG,0
GGACTGAGGGCCATGGACACGGG,GGACTGAGGGCTTGGACACTGG,0
GGACTGAGGGCCATGGACACGGG,GGAATAAGGTACATGGACACCGG,0
GGACTGAGGGCCATGGACACGGG,GGACTGAGGTACATGGACACCTG,0
GGACTGAGGGCCATGGACACGGG,GGACTGATGGCTCATGGATACAGG,0
GGACTGAGGGCCATGGACACGGG,GGAATGAGGCCCATGGAACACAGG,0
GGACTGAGGGCCATGGACACGGG,GCGATGATGGCCGTTGACACTGG,0
GGACTGAGGGCCATGGACACGGG,GCCCCGAGGGCAATAAACACAGG,0
GGACTGAGGGCCATGGACACGGG,GTTTTGAGGGCCATGGACACTGC,0
GGACTGAGGGCCATGGACACGGG,GGACAGAAGGCCATGGTCACTGG,0
GGACTGAGGGCCATGGACACGGG,GGAATAAGGTACATGGACACTGG,0
GGACTGAGGGCCATGGACACGGG,ATCTTGAGGGCAATGGACCCAGG,0
GGACTGAGGGCCATGGACACGGG,GGAATGTGGGCTGTGTACATTGG,0
GGACTGAGGGCCATGGACACGGG,GGACTAAAGTCTATGGACACTGG,0
GGACTGAGGGCCATGGACACGGG,AGACTGTGAGCCATGGACACAGA,0
GGACTGAGGGCCATGGACACGGG,TCACTCAGGGCATTGGACACCAG,0
GGACTGAGGGCCATGGACACGGG,TGACTGAGGGACAGGGACATTGG,0
GGACTGAGGGCCATGGACACGGG,GGGATGAGGAACATGGACACAGG,0
GGACTGAGGGCCATGGACACGGG,AGACTGAGTGTCATGGACTCAGG,0
GGACTGAGGGCCATGGACACGGG,GGACAGAGGGCCTGGACAACGG,0
GGACTGAGGGCCATGGACACGGG,GCATTGAGGGCCATGGAGACAGG,0
GGACTGAGGGCCATGGACACGGG,GGGTTGAGGGTCATGGACCCAGG,0
GGACTGAGGGCCATGGACACGGG,GGTCAGAGGGCCCTGGGAACAAG,0
GGACTGAGGGCCATGGACACGGG,GGATTGTGGGCCATGGACACAGC,0
GGACTGAGGGCCATGGACACGGG,GGACTGAGAGCCAGGACCCTGG,0
GGACTGAGGGCCATGGACACGGG,AGAATGAGGTACATGGACAACTG,0
GGACTGAGGGCCATGGACACGGG,AGGCTGAGGACCATTGACTCTGG,0
GGACTGAGGGCCATGGACACGGG,AGATTGAGGTACATGGACAACTG,0
GGACTGAGGGCCATGGACACGGG,GAACAGAGGGACCATGGACACAGG,0
GGACTGAGGGCCATGGACACGGG,GGACTGAGGAGCCATGGCTACTGG,0
GGACTGAGGGCCATGGACACGGG,GTACTGAGGGACACAGACACAGG,0
GGACTGAGGGCCATGGACACGGG,TGACTGAGGCCATGGGCACTGG,0
GGACTGAGGGCCATGGACACGGG,GAACTGAAGTCAATGGACAAAAG,0
GGACTGAGGGCCATGGACACGGG,TCACTCAGGGCCCTGGACACAGG,0
GGACTGAGGGCCATGGACACGGG,AGACAGAGGGCTATGGGCACAGG,0
GGACTGAGGGCCATGGACACGGG,TGACTGAGGGCAGGGACACTGG,0
GGACTGAGGGCCATGGACACGGG,GAACTAAGAGCCATGAACACAGG,0
GGACTGAGGGCCATGGACACGGG,AGACTGAGTTCCATGAACACTGG,0
GGACTGAGGGCCATGGACACGGG,GGACTCAGAGTCAGGGACACAGC,0
GGACTGAGGGCCATGGACACGGG,GGAATGAGGTACATGAACACTGG,0
GGACTGAGGGCCATGGACACGGG,GGACACAGGGCCTTGGACACAGG,0
GGACTGAGGGCCATGGACACGGG,GGACTCTGGGCTATGGACACAGG,0
GGACTGAGGGCCATGGACACGGG,GGACTGACAGCCAAGGACACAGG,0
GGACTGAGGGCCATGGACACGGG,GGAATGAGGCCCAGGGACACAGG,0
GGACTGAGGGCCATGGACACGGG,TGACTGAGGACCCTGAACACGGG,0
GGACTGAGGGCCATGGACACGGG,AGAAAGAGGGCAATGGACACTGG,0
GGACTGAGGGCCATGGACACGGG,CTTTTGAGGGCCATGGACTCAGG,0
GGACTGAGGGCCATGGACACGGG,ACAATGAGGGACATGGACACGGG,0
GGACTGAGGGCCATGGACACGGG,AGAATAAGGGACATGGACACTGG,0
GTCCCTAGTGGCCCCACTGTGGG,GTTCCTGTGGGCCCACTGTGGG,0
GTCCCTAGTGGCCCCACTGTGGG,GCCCCTAGTGCCCCACTGTCTG,0
GTCCCTAGTGGCCCCACTGTGGG,CTCCCTAAATGCCCCACTGTAGG,0
GTCCCTAGTGGCCCCACTGTGGG,CCTCCCAGTGCCCCCACTGTGGA,0
GTCCCTAGTGGCCCCACTGTGGG,CCTCTTAGAGGCCCCACTGCTGG,0
GTCCCTAGTGGCCCCACTGTGGG,AACTCCAGTGGCCCCATTTTCGG,0
GTCCCTAGTGGCCCCACTGTGGG,GGTCCCAGTGGCCCCATAGTGGG,0
GTCCCTAGTGGCCCCACTGTGGG,GTCCCCCATGGCCACACTGTTGG,0
GTCCCTAGTGGCCCCACTGTGGG,GTCCCTGTGGCCACACTGTGTG,0
GTCCCTAGTGGCCCCACTGTGGG,TTCTACAGTGGCCCCACTGATGG,0
GTCCCTAGTGGCCCCACTGTGGG,GGAACCATTGGCCCCACTGTATG,0
GTCCCTAGTGGCCCCACTGTGGG,GTTCACAGTGGCCCCACTTAAGG,0
GTCCCTAGTGGCCCCACTGTGGG,CACCCTAATGACCCCACTATAAG,0
GTCCCTAGTGGCCCCACTGTGGG,GGCCTCAGTGGCCCCACTGTGAG,0
GTCCCTAGTGGCCCCACTGTGGG,GGACCCACTGGACCCACTGTAAG,0
GTCCCTAGTGGCCCCACTGTGGG,GTCCCTAGTGGCTCCAACTATAGG,0
GTCCCTAGTGGCCCCACTGTGGG,GTCCATTGGGCCCCACTGTTGG,0
GTCCCTAGTGGCCCCACTGTGGG,GCATCTATTGGACCCACTGTAAG,0
GTCCCTAGTGGCCCCACTGTGGG,AGTCCTAATGGCCCCACTGTTGC,0
GTCCCTAGTGGCCCCACTGTGGG,TTATCTAGTGGCCCCAGTGTGGG,0
GTCCCTAGTGGCCCCACTGTGGG,AGCCCTAGGGGCCCTCACTGTTGG,0
GTCCCTAGTGGCCCCACTGTGGG,TGCCTTAATGACCCGACTGTAGG,0
GTCCCTAGTGGCCCCACTGTGGG,GATCCGAGTGGCCCTACTGTGAG,0
GTCCCTAGTGGCCCCACTGTGGG,GTCCCTATCTGGCCCCACTGTACG,0
GTCCCTAGTGGCCCCACTGTGGG,GGCCCCAGTGGACCCACTGTGAG,0
GTCCCTAGTGGCCCCACTGTGGG,GTCCCCAGTGGTCACACTGTGGG,0
GTCCCTAGTGGCCCCACTGTGGG,GTCCCTAGGACCCAACTGTGGA,0
GTCCCTAGTGGCCCCACTGTGGG,GCTCCTAGTATCCCCACTTAGGG,0
GTCCCTAGTGGCCCCACTGTGGG,GCCCCCAGTGTCCCCTCTGTCGG,0
GTCCCTAGTGGCCCCACTGTGGG,GTCCCTAGAGGCTCACTGTTGG,0
GTCCCTAGTGGCCCCACTGTGGG,ATGCCTAGTTACCCCACTGCTAG,0
GTCCCTAGTGGCCCCACTGTGGG,GTCCCGAGTGTCCCACTGTAGG,0
GTCCCTAGTGGCCCCACTGTGGG,GTCCCTGTGACCCCACTGTGGC,0
GTCCCTAGTGGCCCCACTGTGGG,AGCCCAAGTGACCCCACAGTTGG,0
GTCCCTAGTGGCCCCACTGTGGG,GTCCCCAAAGGCACCACTATTTG,0
GTCCCTAGTGGCCCCACTGTGGG,CTCACAAGAGACCCCACTGTAAG,0
GTCCCTAGTGGCCCCACTGTGGG,GCTCCAAAAGGCCCCACTGTGTG,0
GTCCCTAGTGGCCCCACTGTGGG,GGCATTAGCAGCCACACTGTCGG,0
GTCCCTAGTGGCCCCACTGTGGG,TTTCCTACTAGCCCCACTGTTAG,0
GTCCCTAGTGGCCCCACTGTGGG,GTCCCTAGGACCCCACTGTATG,0
GTCCCTAGTGGCCCCACTGTGGG,GTCCCTGAGTGCTCCACTGTCGG,0
GTCCCTAGTGGCCCCACTGTGGG,GCAGCAGGTGGCCCCACTGCAGG,0
GTCCCTAGTGGCCCCACTGTGGG,GTCCCTGTGGTCCCTCTGTTGG,0
GTCCCTAGTGGCCCCACTGTGGG,GTCCCTGAGGCCCCACGGTTGG,0
GTCCCTAGTGGCCCCACTGTGGG,GCCCCATGTGGCCCCACTGTGGC,0
GTCCCTAGTGGCCCCACTGTGGG,GTGTCTGTGGCCCCACTGTGGG,0
GTCCCTAGTGGCCCCACTGTGGG,ATCAGGAGGGACCCCACTGTGGG,0
GTCCCTAGTGGCCCCACTGTGGG,GTCCCTAAGGCCTCCACTGTAGG,0
GTCCCTAGTGGCCCCACTGTGGG,GCCCTGGGTGGCCCCACAGTTGG,0
GTCCCTAGTGGCCCCACTGTGGG,GCAGCAAGAGGGCCCACTGTGGG,0
GTCCCTAGTGGCCCCACTGTGGG,ATCCCCAGGGGCCCCACTTTAGG,0
GTCCCTAGTGGCCCCACTGTGGG,CACCCGAGGGGCCTCACTGTGGG,0
GTCCCTAGTGGCCCCACTGTGGG,GTAAGTAGTGGACCCACTGTAGA,0
GTCCCTAGTGGCCCCACTGTGGG,GTCCCCAGTGTGCCCCACTTTGGG,0
GTCCCTAGTGGCCCCACTGTGGG,GTCCCTACTGGACCCACGGTGGG,0
GTCCCTAGTGGCCCCACTGTGGG,CCATCTAGGGACCCCACTGTAGG,0
GTCCCTAGTGGCCCCACTGTGGG,CTCCCTAGAGCCCCACTGAGGG,0
GTCCCTAGTGGCCCCACTGTGGG,TTCCCTATTGCCCCACTGTAGG,0
GTCCCTAGTGGCCCCACTGTGGG,GTTCCCAGTGGCCCCGTTGTGGG,0
GTCCCTAGTGGCCCCACTGTGGG,GCCCCAAGAGGCCCCACTGGTGG,0
GTCCCTAGTGGCCCCACTGTGGG,GTCCCTATGGGTCCCCACTGTGGG,0
GTCCCTAGTGGCCCCACTGTGGG,GTCCCTGTGTCCCCACTGTGGG,0
GTCCCTAGTGGCCCCACTGTGGG,GTACCCAGTGACCCCACTGTATG,0
GTCCCTAGTGGCCCCACTGTGGG,GGTACCAGTGACCTCACTGTGGG,0
GTCCCTAGTGGCCCCACTGTGGG,GCCCCCAGTGACTTCACTGTAGG,0
GTCCCTAGTGGCCCCACTGTGGG,TGCCCCAGGGCCCCCACAGTGGG,0
GTCCCTAGTGGCCCCACTGTGGG,CTCCCCAGTGGACCCACTGCAGG,0
GTCCCTAGTGGCCCCACTGTGGG,GCCCCCACAGGCCCCACTGAGGG,0
GTCCCTAGTGGCCCCACTGTGGG,GTCCTGAGTGGCCCCACTGCAGG,0
GTCCCTAGTGGCCCCACTGTGGG,ATCCCCAGTGACCCCACAGTGAG,0
GTCCCTAGTGGCCCCACTGTGGG,TTCCCCTGGGGCCCCACTGTGGG,0
GTCCCTAGTGGCCCCACTGTGGG,TTCCCTATAGGCCCCACTATTGG,0
GTCCCTAGTGGCCCCACTGTGGG,ATTCCCAGAGCCCCCACTGTGGG,0
GTCCCTAGTGGCCCCACTGTGGG,GTCCCCAAAGCCCCCACTGTGGG,0
GTCCCTAGTGGCCCCACTGTGGG,CATCCCAGTGACCCCACTCTAGG,0
GTCCCTAGTGGCCCCACTGTGGG,TTCCCAAGTAGCTCCACTGTAGG,0
GAGAATCAAAATCGGTGAATAGG,GAGAATCAAAATCGGTGAATAGG,1
GCTGGTACACGGCAGGGTCAGGG,GCTGGTACACGGCAGGGTCAGGG,1
GCTGGTACACGGCAGGGTCAGGG,GCTGGCACACAACAGGGGCAGGG,1
GCTGGTACACGGCAGGGTCAGGG,TGTGGCACACACCAGGGTCTTGG,1
GCTGGTACACGGCAGGGTCAGGG,CCTGGCACACAGCAGGCTCATGG,1
GCTGGTACACGGCAGGGTCAGGG,GAAGGTACACAGGCAGGGTCAGGG,1
GCTGGTACACGGCAGGGTCAGGG,ACTGGTGCAAGGCAGGGTCGGGG,1
GCTGGTACACGGCAGGGTCAGGG,ACTGACACACGCCAGGGTCATGG,1
GCTGGTACACGGCAGGGTCAGGG,GCTGTTACACAGCAGGGCCAGGG,1
GCTGGTACACGGCAGGGTCAGGG,GCTGTCACACAGCAGGGTCTGGG,1
GTCAGGGTTCTGGATATCTGTGG,GTCAGGGTTCTGGATATCTGTGG,1
GTCAGGGTTCTGGATATCTGTGG,GTCAGGCCTCTGGATAACTGCGG,1
GTCAGGGTTCTGGATATCTGTGG,CTCAGGGATCTGGATACCTGTGG,1
GTCAGGGTTCTGGATATCTGTGG,TACAGGGCCCTGGAAATCTGGGG,1
GTCAGGGTTCTGGATATCTGTGG,TGAAGGGTACTAGATATCTGGGG,1
GTCAGGGTTCTGGATATCTGTGG,GTCAGGGTTCTGGATATCTGTG,1
GAAGGCTGAGATCCTGGAGGGGG,GAAGGCTGAGATCCTGGAGGGGG,1
GAAGGCTGAGATCCTGGAGGGGG,AATGGCTGGAACCCTGGAGGAGG,1
GAAGGCTGAGATCCTGGAGGGGG,GAAAGCTGTGGTCCTGGAGGAGG,1
GAAGGCTGAGATCCTGGAGGGGG,GAAGGTGAGGATCCTGGAGGAGG,1
GAAGGCTGAGATCCTGGAGGGGG,AAAAGGTGAGAACCTGGAGGTGG,1
GAAGGCTGAGATCCTGGAGGGGG,GAAGGCTGAAGACCCTGGAGCTGG,1
GAAGGCTGAGATCCTGGAGGGGG,GAAAGGTAAGACCCTGGAGGTGG,1
GAAGGCTGAGATCCTGGAGGGGG,GAAGGATGGGACCCAGGAGGAGG,1
GAAGGCTGAGATCCTGGAGGGGG,AAAGGCAGGGACCCTGGAGTGGG,1
GAAGGCTGAGATCCTGGAGGGGG,TCAGGCTGAGGTCCTGGAGGGAG,1
GAAGGCTGAGATCCTGGAGGGGG,AGAGTCTGAGAACCTGGAGGAGG,1
GAAGGCTGAGATCCTGGAGGGGG,CTAGGCAGAGATCATGGAGGAAG,1
GAAGGCTGAGATCCTGGAGGGGG,AAAGTCTGAGACCCTGGAGGCAG,1
GAAGGCTGAGATCCTGGAGGGGG,GGAGGCTGAGATCCTGGAGGCAG,1
GAAGGCTGAGATCCTGGAGGGGG,CGAGGGTGAGAACCTGGAGGTGG,1
GAAGGCTGAGATCCTGGAGGGGG,GAAGGATGGATCCTGGAGGGGG,1
GAAGGCTGAGATCCTGGAGGGGG,GAGGGCAGAGATCCTGCAGGAGG,1
GAAGGCTGAGATCCTGGAGGGGG,CCTGGCTGAGATACTGGAGGGGG,1
GAAGGCTGAGATCCTGGAGGGGG,GAAGGCAGAGATCCTGGACCGGG,1
GAAGGCTGAGATCCTGGAGGGGG,ATAGGCAAAGACCCTGGAGGTGG,1
GAAGGCTGAGATCCTGGAGGGGG,GCAGGCTGGGAACCTGGAGGAGG,1
GAAGGCTGAGATCCTGGAGGGGG,AGAGGCTGAGAACCTGGAGAGGG,1
GAAGGCTGAGATCCTGGAGGGGG,CCAGCCTGAGACCCTGGAGGAGG,1
GAAGGCTGAGATCCTGGAGGGGG,GAAGGAGGAGACCCTGGAGGTGG,1
GAAGGCTGAGATCCTGGAGGGGG,GAAAGATGAGATCCAGGAGGAGG,1
GAAGGCTGAGATCCTGGAGGGGG,GGAGGGTGAGATCCTGGAGCAGG,1
GAAGGCTGAGATCCTGGAGGGGG,AAGGACAGAGACCCTGGAGGGGG,1
GAAGGCTGAGATCCTGGAGGGGG,AAGGGCTGAGTTCCTGGAGGGGG,1
GAAGGCTGAGATCCTGGAGGGGG,GGAGACTGAGACCCTGAAGGAGG,1
GAAGGCTGAGATCCTGGAGGGGG,GGAGGCTGAGATCCAGGAGGCGG,1
GAAGGCTGAGATCCTGGAGGGGG,CTAGGCTGAGCTCCTGGAGGGGG,1
GAAGGCTGAGATCCTGGAGGGGG,AATGGCTGAAACCCTGGAGGGGG,1
GAAGGCTGAGATCCTGGAGGGGG,TCAGGATGAGAACCTGGAGGAGG,1
GGACTGAGGGCCATGGACACGGG,GGACTGAGGGCCATGGACACGGG,1
GGACTGAGGGCCATGGACACGGG,AGACTGTGGGCCATGGACCTGGG,1
GGACTGAGGGCCATGGACACGGG,GGTCTGAAGGCCAAGGACACTGG,1
GGACTGAGGGCCATGGACACGGG,TTTCTGAAGGCCATGGACACTGG,1
GGACTGAGGGCCATGGACACGGG,AGACTGAAGGCCATGGACACCTG,1
GGACTGAGGGCCATGGACACGGG,GGACTGAGAGCTATGAACACAGG,1
GGACTGAGGGCCATGGACACGGG,AGAGTGAAGGCCATGAACACAGG,1
GGACTGAGGGCCATGGACACGGG,GGACAGAGGGCCCTGGACACAGG,1
GGACTGAGGGCCATGGACACGGG,GGACTGGGGGCCTTGGACACAGG,1
GGACTGAGGGCCATGGACACGGG,GGAATGAGGTACATGGACACTGG,1
GGACTGAGGGCCATGGACACGGG,CAGCTGAGGGCCAAGGACACTGG,1
GGACTGAGGGCCATGGACACGGG,GGAATGAGGAACATGGACACCGG,1
GGACTGAGGGCCATGGACACGGG,GGAATGAGGCCCATGGACACTGG,1
GTCCCTAGTGGCCCCACTGTGGG,GTCCCTAGTGGCCCCACTGTGGG,1
GTCCCTAGTGGCCCCACTGTGGG,TGTCCTAGTAACTCCACTGTTGG,1
GTCCCTAGTGGCCCCACTGTGGG,GTCTCTACTGACCTCACTGTGGG,1
GTCCCTAGTGGCCCCACTGTGGG,GTCCCCAGTGGCTCCACTCTGGG,1
GTCCCTAGTGGCCCCACTGTGGG,GCCCCTAGAGGTCCCACTGTGAG,1
GTCCCTAGTGGCCCCACTGTGGG,GGCCATAGGGACCCCACTGTTGG,1
GTCCCTAGTGGCCCCACTGTGGG,GTCCACCGTGGCCCCACTGTGGG,1
GTCCCTAGTGGCCCCACTGTGGG,GACCCCAGAGACCCCATTGTGGG,1
GTCCCTAGTGGCCCCACTGTGGG,ATCCCTAGGGCTCCACTGTGGG,1
GTCCCTAGTGGCCCCACTGTGGG,ATCCCAAATGACCCCACTGTAGG,1
